native,classified_errors,error_counts
Arabic,"[('Pronoun Error', 'I', 'PRON', ',', 'PUNCT'), ('Verb Error', 'want', 'VERB', 'I', 'PRON'), ('Verb Error', 'to', 'PART', 'want', 'VERB'), ('Verb Error', 'learn', 'VERB', 'to', 'PART'), ('Verb Error', 'English', 'PROPN', 'learn', 'VERB'), ('Other Error', 'and', 'CCONJ', 'English', 'PROPN'), ('Other Error', 'French', 'PROPN', 'and', 'CCONJ'), ('Other Error', '..', 'PUNCT', 'French', 'PROPN'), ('Pronoun Error', ""'"", 'AUX', 'I', 'PRON'), ('Verb Error', 'm', 'VERB', ""'m"", 'AUX'), ('Verb Error', 'Phd', 'VERB', 'a', 'DET'), ('Noun Error', 'philosophy', 'NOUN', 'Phd', 'PROPN'), ('Noun Error', ',', 'PUNCT', 'student', 'NOUN'), ('Other Error', 'and', 'CCONJ', ',', 'PUNCT'), ('Pronoun Error', 'i', 'PRON', 'and', 'CCONJ'), ('Pronoun Error', ""'m"", 'AUX', 'I', 'PRON'), ('Adjective Error', 'Arabic', 'ADJ', ""'m"", 'AUX'), ('Adjective Error', 'and', 'CCONJ', 'Arabic', 'ADJ'), ('Adjective Error', 'Turkish', 'ADJ', 'and', 'CCONJ'), ('Noun Error', 'speaker', 'NOUN', 'native', 'ADJ'), ('Noun Error', ',', 'PUNCT', 'speaker', 'NOUN'), ('Pronoun Error', 'i', 'PRON', ',', 'PUNCT'), ('Pronoun Error', 'can', 'AUX', 'I', 'PRON'), ('Verb Error', 'help', 'VERB', 'can', 'AUX'), ('Verb Error', 'you', 'PRON', 'help', 'VERB'), ('Preposition Error', 'in', 'ADP', 'you', 'PRON'), ('Adjective Error', 'Arabic', 'ADJ', 'in', 'ADP'), ('Adjective Error', 'and', 'CCONJ', 'Arabic', 'ADJ'), ('Adjective Error', 'Turkish', 'ADJ', 'and', 'CCONJ'), ('Adjective Error', ',', 'PUNCT', 'Turkish', 'ADJ'), ('Verb Error', 'help', 'VERB', ',', 'PUNCT'), ('Verb Error', 'me', 'PRON', 'help', 'VERB'), ('Preposition Error', 'in', 'ADP', 'me', 'PRON'), ('Adjective Error', 'English', 'ADJ', 'in', 'ADP'), ('Noun Error', 'pleas', 'NOUN', 'English', 'PROPN'), ('Pronoun Error', 'i', 'PRON', ',', 'PUNCT'), ('Verb Error', 'need', 'VERB', 'and', 'CCONJ'), ('Pronoun Error', 'much', 'ADV', 'it', 'PRON'), ('Verb Error', '.', 'PUNCT', 'sooo', 'VERB'), ('Adjective Error', 'Arabic', 'ADJ', 'Arabic', 'PROPN'), ('Adjective Error', 'french', 'ADJ', 'French', 'PROPN'), ('Noun Error', 'langages', 'NOUN', 'very', 'ADV'), ('Other Error', 'well', 'ADV', 'and', 'CCONJ'), ('Pronoun Error', 'and', 'CCONJ', 'I', 'PRON'), ('Pronoun Error', 'I', 'PRON', ""'m"", 'AUX'), ('Adjective Error', ""'m"", 'AUX', 'intermediate', 'ADJ'), ('Adjective Error', 'intermediate', 'ADJ', 'in', 'ADP'), ('Preposition Error', 'in', 'ADP', 'english', 'PROPN'), ('Other Error', 'english', 'PROPN', '.', 'PUNCT'), ('Pronoun Error', '.', 'PUNCT', 'I', 'PRON'), ('Other Error', 'So', 'ADV', 'would', 'AUX'), ('Verb Error', 'I', 'PRON', 'like', 'VERB'), ('Other Error', 'would', 'AUX', 'to', 'PART'), ('Other Error', 'to', 'PART', 'english', 'PROPN'), ('Verb Error', 'learn', 'VERB', 'by', 'ADP'), ('Verb Error', 'english', 'PROPN', 'exchanging', 'VERB'), ('Verb Error', 'exchanging', 'VERB', 'native', 'ADJ'), ('Noun Error', 'with', 'ADP', 'speakers', 'NOUN'), ('Adjective Error', 'native', 'ADJ', '.', 'PUNCT')]","{'Verb Error': 16, 'Other Error': 9, 'Pronoun Error': 11, 'Adjective Error': 13, 'Noun Error': 7, 'Preposition Error': 3}"
Arabic (Moroccan),"[('Pronoun Error', 'A', 'DET', 'I', 'PRON'), ('Verb Error', 'native', 'ADJ', 'want', 'VERB'), ('Adjective Error', 'english', 'ADJ', 'to', 'PART'), ('Verb Error', 'speaker', 'NOUN', 'improve', 'VERB'), ('Pronoun Error', 'please', 'INTJ', 'my', 'PRON'), ('Verb Error', 'pop', 'VERB', 'english', 'ADJ'), ('Noun Error', 'up', 'ADP', 'speaking', 'NOUN'), ('Verb Error', 'want', 'VERB', 'would', 'AUX'), ('Verb Error', 'to', 'PART', 'like', 'VERB'), ('Verb Error', 'improve', 'VERB', 'to', 'PART'), ('Verb Error', 'my', 'PRON', 'help', 'VERB'), ('Adjective Error', 'english', 'ADJ', 'you', 'PRON'), ('Noun Error', 'speaking', 'NOUN', 'with', 'ADP'), ('Pronoun Error', '.', 'PUNCT', 'your', 'PRON'), ('Pronoun Error', 'I', 'PRON', 'Spanish', 'PROPN'), ('Other Error', 'would', 'AUX', '.', 'PUNCT'), ('Pronoun Error', 'be', 'AUX', 'We', 'PRON'), ('Adjective Error', 'glad', 'ADJ', 'can', 'AUX'), ('Verb Error', 'to', 'PART', 'text', 'VERB'), ('Verb Error', 'help', 'VERB', ',', 'PUNCT'), ('Pronoun Error', 'you', 'PRON', 'and', 'CCONJ'), ('Preposition Error', 'with', 'ADP', 'I', 'PRON'), ('Pronoun Error', 'your', 'PRON', ""'d"", 'AUX'), ('Verb Error', 'spanish', 'NOUN', 'like', 'VERB'), ('Other Error', '.', 'PUNCT', 'to', 'PART'), ('Verb Error', 'We', 'PRON', 'do', 'VERB'), ('Other Error', 'can', 'AUX', 'some', 'DET'), ('Verb Error', 'text', 'VERB', 'video', 'NOUN'), ('Noun Error', ',', 'PUNCT', 'calls', 'NOUN'), ('Other Error', 'and', 'CCONJ', 'so', 'SCONJ'), ('Verb Error', ""'d"", 'AUX', 'feels', 'VERB'), ('Verb Error', 'like', 'VERB', 'more', 'ADV'), ('Preposition Error', 'to', 'PART', 'like', 'ADP'), ('Verb Error', 'do', 'VERB', 'a', 'DET'), ('Adjective Error', 'some', 'DET', 'real', 'ADJ'), ('Noun Error', 'calls', 'NOUN', '.', 'PUNCT'), ('Pronoun Error', 'so', 'SCONJ', 'I', 'PRON'), ('Pronoun Error', 'it', 'PRON', ""'m"", 'AUX'), ('Verb Error', 'feels', 'VERB', 'open', 'ADJ'), ('Adjective Error', 'more', 'ADV', 'minded', 'ADJ'), ('Preposition Error', 'like', 'ADP', 'and', 'CCONJ'), ('Pronoun Error', 'a', 'DET', 'I', 'PRON'), ('Pronoun Error', 'I', 'PRON', ',', 'PUNCT'), ('Verb Error', 'want', 'VERB', 'I', 'PRON'), ('Verb Error', 'to', 'PART', 'want', 'VERB'), ('Verb Error', 'learn', 'VERB', 'to', 'PART'), ('Verb Error', 'English', 'PROPN', 'learn', 'VERB'), ('Other Error', 'and', 'CCONJ', 'English', 'PROPN'), ('Other Error', 'French', 'PROPN', 'and', 'CCONJ'), ('Other Error', '..', 'PUNCT', 'French', 'PROPN')]","{'Verb Error': 20, 'Pronoun Error': 11, 'Adjective Error': 5, 'Noun Error': 4, 'Other Error': 7, 'Preposition Error': 3}"
Bahasa (Indonesia),"[('Pronoun Error', 'I', 'PRON', 'and', 'CCONJ'), ('Pronoun Error', 'can', 'AUX', 'I', 'PRON'), ('Other Error', 'also', 'ADV', 'can', 'AUX'), ('Verb Error', 'help', 'VERB', 'also', 'ADV'), ('Verb Error', 'anyone', 'PRON', 'help', 'VERB'), ('Pronoun Error', 'is', 'AUX', 'who', 'PRON'), ('Verb Error', 'learning', 'VERB', 'is', 'AUX'), ('Verb Error', 'Indonesian', 'PROPN', 'learning', 'VERB'), ('Other Error', 'or', 'CCONJ', 'Indonesian', 'PROPN'), ('Other Error', 'Javanese', 'PROPN', 'or', 'CCONJ'), ('Other Error', '.', 'PUNCT', 'Javanese', 'PROPN'), ('Verb Error', 'looking', 'VERB', 'not', 'PART'), ('Preposition Error', 'for', 'ADP', 'always', 'ADV'), ('Adjective Error', 'a', 'DET', 'online', 'ADJ'), ('Adjective Error', 'long', 'ADJ', '24/7', 'NUM'), ('Other Error', '-', 'PUNCT', 'but', 'CCONJ'), ('Noun Error', 'term', 'NOUN', ',', 'PUNCT'), ('Adjective Error', 'online', 'ADJ', 'I', 'PRON'), ('Noun Error', 'friendship', 'NOUN', ""'ll"", 'AUX'), ('Other Error', '.', 'PUNCT', 'surely', 'ADV'), ('Verb Error', 'Nice', 'ADJ', 'check', 'VERB'), ('Other Error', 'to', 'PART', 'this', 'DET'), ('Verb Error', 'meet', 'VERB', 'app', 'NOUN'), ('Preposition Error', 'you', 'PRON', 'at', 'ADP'), ('Adjective Error', '.', 'PUNCT', 'least', 'ADJ'), ('Noun Error', 'S', 'NOUN', 'once', 'ADV'), ('Preposition Error', 'Not', 'PART', 'in', 'ADP'), ('Other Error', 'always', 'ADV', 'a', 'DET'), ('Noun Error', 'online', 'ADJ', 'day', 'NOUN'), ('Other Error', '24/7', 'NUM', '.', 'PUNCT')]","{'Other Error': 9, 'Verb Error': 7, 'Pronoun Error': 3, 'Adjective Error': 4, 'Noun Error': 4, 'Preposition Error': 3}"
Berber,"[('Other Error', ""Hello;I'm"", 'PROPN', 'Hello', 'INTJ'), ('Other Error', 'here', 'ADV', ',', 'PUNCT'), ('Pronoun Error', 'to', 'PART', 'I', 'PRON'), ('Verb Error', 'improve', 'VERB', ""'m"", 'AUX'), ('Pronoun Error', 'my', 'PRON', 'here', 'ADV'), ('Noun Error', 'level', 'NOUN', 'to', 'PART'), ('Verb Error', 'of', 'ADP', 'improve', 'VERB'), ('Noun Error', 'languages', 'NOUN', 'my', 'PRON'), ('Noun Error', '.', 'PUNCT', 'level', 'NOUN'), ('Adjective Error', 'Good', 'ADJ', 'of', 'ADP'), ('Preposition Error', 'for', 'ADP', '.', 'PUNCT'), ('Adjective Error', 'all', 'PRON', 'Good', 'ADJ'), ('Noun Error', '.', 'PUNCT', 'luck', 'NOUN')]","{'Noun Error': 4, 'Other Error': 2, 'Pronoun Error': 2, 'Verb Error': 2, 'Adjective Error': 2, 'Preposition Error': 1}"
Catalan,"[('Pronoun Error', 'A', 'DET', 'I', 'PRON'), ('Verb Error', 'native', 'ADJ', 'want', 'VERB'), ('Adjective Error', 'english', 'ADJ', 'to', 'PART'), ('Verb Error', 'speaker', 'NOUN', 'improve', 'VERB'), ('Pronoun Error', 'please', 'INTJ', 'my', 'PRON'), ('Verb Error', 'pop', 'VERB', 'english', 'ADJ'), ('Noun Error', 'up', 'ADP', 'speaking', 'NOUN'), ('Verb Error', 'want', 'VERB', 'would', 'AUX'), ('Verb Error', 'to', 'PART', 'like', 'VERB'), ('Verb Error', 'improve', 'VERB', 'to', 'PART'), ('Verb Error', 'my', 'PRON', 'help', 'VERB'), ('Adjective Error', 'english', 'ADJ', 'you', 'PRON'), ('Noun Error', 'speaking', 'NOUN', 'with', 'ADP'), ('Pronoun Error', '.', 'PUNCT', 'your', 'PRON'), ('Pronoun Error', 'I', 'PRON', 'Spanish', 'PROPN'), ('Other Error', 'would', 'AUX', '.', 'PUNCT'), ('Pronoun Error', 'be', 'AUX', 'We', 'PRON'), ('Adjective Error', 'glad', 'ADJ', 'can', 'AUX'), ('Verb Error', 'to', 'PART', 'text', 'VERB'), ('Verb Error', 'help', 'VERB', ',', 'PUNCT'), ('Pronoun Error', 'you', 'PRON', 'and', 'CCONJ'), ('Preposition Error', 'with', 'ADP', 'I', 'PRON'), ('Pronoun Error', 'your', 'PRON', ""'d"", 'AUX'), ('Verb Error', 'spanish', 'NOUN', 'like', 'VERB'), ('Other Error', '.', 'PUNCT', 'to', 'PART'), ('Verb Error', 'We', 'PRON', 'do', 'VERB'), ('Other Error', 'can', 'AUX', 'some', 'DET'), ('Verb Error', 'text', 'VERB', 'video', 'NOUN'), ('Noun Error', ',', 'PUNCT', 'calls', 'NOUN'), ('Other Error', 'and', 'CCONJ', 'so', 'SCONJ'), ('Verb Error', ""'d"", 'AUX', 'feels', 'VERB'), ('Verb Error', 'like', 'VERB', 'more', 'ADV'), ('Preposition Error', 'to', 'PART', 'like', 'ADP'), ('Verb Error', 'do', 'VERB', 'a', 'DET'), ('Adjective Error', 'some', 'DET', 'real', 'ADJ'), ('Noun Error', 'calls', 'NOUN', '.', 'PUNCT'), ('Pronoun Error', 'so', 'SCONJ', 'I', 'PRON'), ('Pronoun Error', 'it', 'PRON', ""'m"", 'AUX'), ('Verb Error', 'feels', 'VERB', 'open', 'ADJ'), ('Adjective Error', 'more', 'ADV', 'minded', 'ADJ'), ('Preposition Error', 'like', 'ADP', 'and', 'CCONJ'), ('Pronoun Error', 'a', 'DET', 'I', 'PRON'), ('Preposition Error', 'I', 'PRON', 'At', 'ADP'), ('Other Error', 'am', 'AUX', 'the', 'DET'), ('Noun Error', 'from', 'ADP', 'moment', 'NOUN'), ('Pronoun Error', 'Barcelona', 'PROPN', 'I', 'PRON'), ('Other Error', 'and', 'CCONJ', 'am', 'AUX'), ('Verb Error', 'I', 'PRON', 'studying', 'VERB'), ('Verb Error', 'speak', 'VERB', 'English', 'PROPN'), ('Other Error', 'Spanish', 'PROPN', 'and', 'CCONJ'), ('Other Error', 'and', 'CCONJ', 'French', 'PROPN'), ('Other Error', 'Catalan', 'PROPN', '.', 'PUNCT'), ('Pronoun Error', '.', 'PUNCT', 'I', 'PRON'), ('Preposition Error', 'At', 'ADP', 'would', 'AUX'), ('Verb Error', 'the', 'DET', 'love', 'VERB'), ('Noun Error', 'moment', 'NOUN', 'to', 'PART'), ('Verb Error', 'I', 'PRON', 'find', 'VERB'), ('Pronoun Error', 'am', 'AUX', 'someone', 'PRON'), ('Verb Error', 'studying', 'VERB', 'to', 'PART'), ('Verb Error', 'English', 'PROPN', 'help', 'VERB'), ('Pronoun Error', 'and', 'CCONJ', 'me', 'PRON'), ('Verb Error', 'French', 'PROPN', 'practice', 'VERB'), ('Other Error', '.', 'PUNCT', 'English', 'PROPN'), ('Pronoun Error', 'I', 'PRON', 'and/or', 'CCONJ'), ('Other Error', 'would', 'AUX', 'French', 'PROPN'), ('Verb Error', 'love', 'VERB', '.', 'PUNCT')]","{'Verb Error': 24, 'Pronoun Error': 15, 'Adjective Error': 5, 'Noun Error': 6, 'Other Error': 11, 'Preposition Error': 5}"
Chinese (Mandarin),"[('Pronoun Error', 'would', 'AUX', 'it', 'PRON'), ('Adjective Error', 'great', 'ADJ', 'be', 'AUX'), ('Adjective Error', 'to', 'PART', 'great', 'ADJ'), ('Verb Error', 'start', 'VERB', 'to', 'PART'), ('Verb Error', 'the', 'DET', 'start', 'VERB'), ('Noun Error', 'friendship', 'NOUN', 'the', 'DET'), ('Noun Error', 'from', 'ADP', 'friendship', 'NOUN'), ('Preposition Error', 'now', 'ADV', 'from', 'ADP'), ('Other Error', '.', 'PUNCT', 'on', 'ADV'), ('Pronoun Error', 'the', 'DET', 'the', 'PRON'), ('Other Error', 'English', 'PROPN', 'am', 'AUX'), ('Verb Error', 'is', 'AUX', 'looking', 'VERB'), ('Noun Error', 'level', 'NOUN', 'and', 'CCONJ'), ('Adjective Error', '.', 'PUNCT', 'long', 'ADJ'), ('Pronoun Error', 'I', 'PRON', '-', 'PUNCT'), ('Noun Error', 'am', 'AUX', 'term', 'NOUN'), ('Verb Error', 'looking', 'VERB', 'language', 'NOUN'), ('Noun Error', 'for', 'ADP', 'exchange', 'NOUN'), ('Noun Error', 'a', 'DET', 'partner', 'NOUN'), ('Adjective Error', 'patient', 'ADJ', 'who', 'PRON'), ('Other Error', 'and', 'CCONJ', 'can', 'AUX'), ('Verb Error', 'long', 'ADJ', 'help', 'VERB'), ('Pronoun Error', '-', 'PUNCT', 'me', 'PRON'), ('Verb Error', 'term', 'NOUN', 'improve', 'VERB'), ('Noun Error', 'language', 'NOUN', 'my', 'PRON'), ('Noun Error', 'exchange', 'NOUN', 'English', 'PROPN'), ('Noun Error', 'partner', 'NOUN', ',', 'PUNCT'), ('Pronoun Error', 'who', 'PRON', 'especially', 'ADV'), ('Verb Error', 'can', 'AUX', 'speaking', 'VERB'), ('Verb Error', 'help', 'VERB', 'and', 'CCONJ'), ('Noun Error', 'me', 'PRON', 'writing', 'NOUN'), ('Verb Error', 'improve', 'VERB', '.', 'PUNCT'), ('Other Error', 'English', 'PROPN', 'am', 'AUX'), ('Adjective Error', ',', 'PUNCT', 'serious', 'ADJ'), ('Preposition Error', 'especially', 'ADV', 'about', 'ADP'), ('Verb Error', 'speaking', 'VERB', 'it', 'PRON'), ('Other Error', 'and', 'CCONJ', '.', 'PUNCT'), ('Noun Error', 'writing', 'NOUN', 'In', 'ADP'), ('Noun Error', '.', 'PUNCT', 'return', 'NOUN'), ('Pronoun Error', 'I', 'PRON', ',', 'PUNCT'), ('Pronoun Error', 'am', 'AUX', 'I', 'PRON'), ('Adjective Error', 'serious', 'ADJ', 'am', 'AUX'), ('Adjective Error', 'about', 'ADP', 'glad', 'ADJ'), ('Pronoun Error', 'it', 'PRON', 'to', 'PART'), ('Verb Error', '.', 'PUNCT', 'help', 'VERB'), ('Preposition Error', 'In', 'ADP', 'you', 'PRON'), ('Verb Error', 'return', 'NOUN', 'learn', 'VERB'), ('Other Error', ',', 'PUNCT', 'Chinese', 'PROPN'), ('Pronoun Error', 'I', 'PRON', '.', 'PUNCT'), ('Noun Error', 'am', 'AUX', 'Beginners', 'NOUN'), ('Adjective Error', 'glad', 'ADJ', 'are', 'AUX'), ('Other Error', 'to', 'PART', 'also', 'ADV'), ('Verb Error', 'help', 'VERB', 'welcome', 'ADJ'), ('Noun Error', 'marine', 'NOUN', 'the', 'DET'), ('Noun Error', 'and', 'CCONJ', 'industry', 'NOUN'), ('Adjective Error', 'eager', 'ADJ', 'and', 'CCONJ'), ('Adjective Error', 'to', 'PART', 'eager', 'ADJ'), ('Verb Error', 'get', 'VERB', 'to', 'PART'), ('Verb Error', 'into', 'ADP', 'get', 'VERB'), ('Preposition Error', 'a', 'DET', 'into', 'ADP'), ('Adjective Error', 'better', 'ADJ', 'a', 'DET'), ('Noun Error', 'company', 'NOUN', 'better', 'ADJ'), ('Noun Error', 'which', 'PRON', 'company', 'NOUN'), ('Pronoun Error', 'I', 'PRON', 'where', 'SCONJ'), ('Pronoun Error', 'should', 'AUX', 'I', 'PRON'), ('Verb Error', 'improve', 'VERB', 'should', 'AUX'), ('Verb Error', 'my', 'PRON', 'improve', 'VERB'), ('Pronoun Error', 'English', 'PROPN', 'my', 'PRON'), ('Verb Error', 'speaking', 'VERB', 'English', 'PROPN'), ('Verb Error', 'right', 'ADV', 'speaking', 'VERB'), ('Other Error', '.', 'PUNCT', 'away', 'ADV'), ('Verb Error', 'Looking', 'VERB', '.', 'PUNCT'), ('Verb Error', 'for', 'ADP', 'Looking', 'VERB'), ('Preposition Error', 'a', 'DET', 'for', 'ADP'), ('Adjective Error', 'English', 'ADJ', 'an', 'DET'), ('Noun Error', 'speaker', 'NOUN', 'native', 'ADJ'), ('Noun Error', 'who', 'PRON', 'speaker', 'NOUN'), ('Pronoun Error', 'is', 'AUX', 'who', 'PRON'), ('Other Error', 'also', 'ADV', 'is', 'AUX'), ('Preposition Error', 'in', 'ADP', 'also', 'ADV'), ('Noun Error', 'need', 'NOUN', 'in', 'ADP'), ('Noun Error', 'of', 'ADP', 'need', 'NOUN'), ('Verb Error', 'learning', 'VERB', 'of', 'ADP'), ('Verb Error', 'Chinese', 'PROPN', 'learning', 'VERB'), ('Other Error', 'to', 'PART', 'Chinese', 'PROPN'), ('Verb Error', 'become', 'VERB', 'to', 'PART'), ('Verb Error', 'my', 'PRON', 'become', 'VERB'), ('Noun Error', 'partner', 'NOUN', 'my', 'PRON'), ('Noun Error', '.', 'PUNCT', 'partner', 'NOUN'), ('Other Error', 'here', 'ADV', ""'m"", 'AUX'), ('Other Error', 'to', 'PART', 'here', 'ADV'), ('Verb Error', 'meet', 'VERB', 'to', 'PART'), ('Verb Error', 'people', 'NOUN', 'meet', 'VERB'), ('Noun Error', '.', 'PUNCT', 'people', 'NOUN'), ('Other Error', 'Meanwhile', 'ADV', 'while', 'SCONJ'), ('Pronoun Error', ',', 'PUNCT', 'I', 'PRON'), ('Verb Error', 'I', 'PRON', 'practice', 'VERB'), ('Verb Error', 'get', 'VERB', 'Chinese', 'PROPN'), ('Other Error', 'to', 'PART', '.', 'PUNCT'), ('Verb Error', 'practice', 'VERB', 'If', 'SCONJ'), ('Pronoun Error', 'English', 'PROPN', 'you', 'PRON'), ('Other Error', '.', 'PUNCT', 'ever', 'ADV'), ('Verb Error', 'If', 'SCONJ', 'need', 'VERB'), ('Noun Error', 'you', 'PRON', 'help', 'NOUN'), ('Preposition Error', 'ever', 'ADV', 'with', 'ADP'), ('Verb Error', 'need', 'VERB', 'Chinese', 'PROPN'), ('Noun Error', 'help', 'NOUN', ',', 'PUNCT'), ('Preposition Error', 'with', 'ADP', 'I', 'PRON'), ('Other Error', 'Chinese', 'PROPN', ""'m"", 'AUX'), ('Adjective Error', ',', 'PUNCT', 'glad', 'ADJ'), ('Pronoun Error', 'I', 'PRON', 'to', 'PART'), ('Verb Error', ""'m"", 'AUX', 'help', 'VERB'), ('Adjective Error', 'glad', 'ADJ', '.', 'PUNCT'), ('Other Error', 'are', 'AUX', ',', 'PUNCT'), ('Other Error', 'so', 'ADV', 'and', 'CCONJ'), ('Noun Error', 'charming', 'ADJ', 'culture', 'NOUN'), ('Preposition Error', 'to', 'ADP', 'are', 'AUX'), ('Pronoun Error', 'me', 'PRON', 'so', 'ADV'), ('Adjective Error', '.', 'PUNCT', 'charming', 'ADJ'), ('Preposition Error', 'I', 'PRON', 'to', 'ADP'), ('Verb Error', 'look', 'VERB', 'me', 'PRON'), ('Other Error', 'forward', 'ADV', '.', 'PUNCT'), ('Preposition Error', 'to', 'ADP', 'I', 'PRON'), ('Other Error', 'so', 'ADV', 'so', 'CCONJ'), ('Other Error', ',', 'PUNCT', 'if', 'SCONJ'), ('Pronoun Error', 'if', 'SCONJ', 'you', 'PRON'), ('Verb Error', 'you', 'PRON', 'want', 'VERB'), ('Verb Error', 'want', 'VERB', 'to', 'PART'), ('Verb Error', 'to', 'PART', 'communicate', 'VERB'), ('Verb Error', 'communicate', 'VERB', 'with', 'ADP'), ('Preposition Error', 'with', 'ADP', 'an', 'DET'), ('Other Error', 'an', 'DET', 'Chinese', 'PROPN'), ('Other Error', 'Chinese', 'PROPN', ',', 'PUNCT'), ('Pronoun Error', ',', 'PUNCT', 'I', 'PRON'), ('Verb Error', 'I', 'PRON', 'think', 'VERB'), ('Verb Error', 'think', 'VERB', 'I', 'PRON'), ('Pronoun Error', 'I', 'PRON', ""'m"", 'AUX'), ('Other Error', ""'m"", 'AUX', 'a', 'DET'), ('Adjective Error', 'a', 'DET', 'good', 'ADJ'), ('Noun Error', 'good', 'ADJ', 'choice', 'NOUN'), ('Noun Error', 'choice', 'NOUN', '.', 'PUNCT')]","{'Adjective Error': 16, 'Verb Error': 40, 'Noun Error': 29, 'Pronoun Error': 20, 'Preposition Error': 12, 'Other Error': 24}"
French,"[('Other Error', 'Helloi', 'PROPN', 'Hello', 'INTJ'), ('Other Error', 'would', 'AUX', ',', 'PUNCT'), ('Verb Error', 'like', 'VERB', 'I', 'PRON'), ('Other Error', 'to', 'PART', 'would', 'AUX'), ('Pronoun Error', 'my', 'PRON', 'to', 'PART'), ('Verb Error', 'English', 'ADJ', 'improve', 'VERB'), ('Noun Error', 'language', 'NOUN', 'my', 'PRON'), ('Adjective Error', '.', 'PUNCT', 'English', 'ADJ'), ('Noun Error', 'My', 'PRON', 'language', 'NOUN'), ('Noun Error', 'level', 'NOUN', '.', 'PUNCT'), ('Pronoun Error', 'is', 'AUX', 'My', 'PRON'), ('Noun Error', 'intermediate', 'ADJ', 'level', 'NOUN'), ('Other Error', '.', 'PUNCT', 'is', 'AUX'), ('Adjective Error', 'We', 'PRON', 'intermediate', 'ADJ'), ('Other Error', 'could', 'AUX', '.', 'PUNCT'), ('Verb Error', 'use', 'VERB', 'We', 'PRON'), ('Other Error', 'WhatsApp', 'PROPN', 'could', 'AUX'), ('Verb Error', 'to', 'PART', 'use', 'VERB'), ('Verb Error', 'have', 'VERB', 'WhatsApp', 'PROPN'), ('Noun Error', 'conversation', 'NOUN', 'to', 'PART'), ('Verb Error', '.', 'PUNCT', 'have', 'VERB'), ('Noun Error', 'I', 'PRON', 'conversation', 'NOUN'), ('Verb Error', 'need', 'VERB', '.', 'PUNCT'), ('Pronoun Error', 'to', 'PART', 'I', 'PRON'), ('Preposition Error', 'with', 'ADP', 'to', 'PART'), ('Verb Error', 'native', 'ADJ', 'speak', 'VERB'), ('Noun Error', 'speaker', 'NOUN', 'with', 'ADP'), ('Other Error', 'very', 'ADV', 'a', 'DET'), ('Noun Error', 'with', 'ADP', 'speaker', 'NOUN'), ('Pronoun Error', 'me', 'PRON', 'very', 'ADV'), ('Adjective Error', '.', 'PUNCT', 'patient', 'ADJ'), ('Preposition Error', 'I', 'PRON', 'with', 'ADP'), ('Verb Error', 'hope', 'VERB', 'me', 'PRON'), ('Pronoun Error', 'i', 'PRON', '.', 'PUNCT'), ('Pronoun Error', 'will', 'AUX', 'I', 'PRON'), ('Preposition Error', 'from', 'ADP', 'I', 'PRON'), ('Pronoun Error', 'you', 'PRON', 'will', 'AUX'), ('Verb Error', 'very', 'ADV', 'hear', 'VERB'), ('Preposition Error', 'soon', 'ADV', 'from', 'ADP'), ('Pronoun Error', '!', 'PUNCT', 'you', 'PRON'), ('Noun Error', 'french', 'NOUN', 'French', 'PROPN'), ('Adjective Error', 'Native', 'ADJ', 'Native', 'PROPN'), ('Adjective Error', 'french', 'ADJ', 'French', 'PROPN'), ('Verb Error', 'to', 'PART', 'improve', 'VERB'), ('Verb Error', 'improve', 'VERB', 'your', 'PRON'), ('Pronoun Error', 'your', 'PRON', 'French', 'PROPN'), ('Noun Error', 'french', 'NOUN', '.', 'PUNCT'), ('Adjective Error', 'Arabic', 'ADJ', 'Arabic', 'PROPN'), ('Adjective Error', 'french', 'ADJ', 'French', 'PROPN'), ('Noun Error', 'langages', 'NOUN', 'very', 'ADV'), ('Other Error', 'well', 'ADV', 'and', 'CCONJ'), ('Pronoun Error', 'and', 'CCONJ', 'I', 'PRON'), ('Pronoun Error', 'I', 'PRON', ""'m"", 'AUX'), ('Adjective Error', ""'m"", 'AUX', 'intermediate', 'ADJ'), ('Adjective Error', 'intermediate', 'ADJ', 'in', 'ADP'), ('Preposition Error', 'in', 'ADP', 'english', 'PROPN'), ('Other Error', 'english', 'PROPN', '.', 'PUNCT'), ('Pronoun Error', '.', 'PUNCT', 'I', 'PRON'), ('Other Error', 'So', 'ADV', 'would', 'AUX'), ('Verb Error', 'I', 'PRON', 'like', 'VERB'), ('Other Error', 'would', 'AUX', 'to', 'PART'), ('Other Error', 'to', 'PART', 'english', 'PROPN'), ('Verb Error', 'learn', 'VERB', 'by', 'ADP'), ('Verb Error', 'english', 'PROPN', 'exchanging', 'VERB'), ('Verb Error', 'exchanging', 'VERB', 'native', 'ADJ'), ('Noun Error', 'with', 'ADP', 'speakers', 'NOUN'), ('Adjective Error', 'native', 'ADJ', '.', 'PUNCT')]","{'Verb Error': 16, 'Pronoun Error': 12, 'Noun Error': 12, 'Other Error': 12, 'Preposition Error': 5, 'Adjective Error': 10}"
German,"[('Verb Error', 'm', 'VERB', 'am', 'AUX'), ('Verb Error', 'looking', 'VERB', 'friendly', 'ADJ'), ('Preposition Error', 'for', 'ADP', 'and', 'CCONJ'), ('Noun Error', 'people', 'NOUN', 'polite', 'ADJ'), ('Pronoun Error', 'who', 'PRON', '.', 'PUNCT'), ('Verb Error', 'want', 'VERB', 'I', 'PRON'), ('Other Error', 'to', 'PART', 'am', 'AUX'), ('Verb Error', 'build', 'VERB', 'a', 'DET'), ('Adjective Error', 'a', 'DET', 'native', 'ADJ'), ('Noun Error', 'term', 'NOUN', 'and', 'CCONJ'), ('Noun Error', 'friendship', 'NOUN', 'I', 'PRON'), ('Other Error', 'not', 'PART', 'can', 'AUX'), ('Verb Error', 'only', 'ADV', 'help', 'VERB'), ('Verb Error', ""'s"", 'AUX', 'improve', 'VERB'), ('Preposition Error', 'up', 'ADP', 'your', 'PRON'), ('Adjective Error', '.', 'PUNCT', 'German', 'ADJ'), ('Noun Error', 'I', 'PRON', 'skills', 'NOUN'), ('Other Error', 'am', 'AUX', '.', 'PUNCT')]","{'Verb Error': 6, 'Noun Error': 4, 'Other Error': 3, 'Preposition Error': 2, 'Adjective Error': 2, 'Pronoun Error': 1}"
Greek,"[('Noun Error', 'greek', 'NOUN', 'Greek', 'PROPN'), ('Verb Error', 'be', 'VERB', ""'d"", 'AUX'), ('Other Error', 'more', 'ADV', 'be', 'AUX'), ('Preposition Error', 'than', 'ADP', 'more', 'ADV'), ('Adjective Error', 'happy', 'ADJ', 'than', 'ADP'), ('Adjective Error', 'to', 'PART', 'happy', 'ADJ'), ('Verb Error', 'chat', 'VERB', 'to', 'PART'), ('Verb Error', 'with', 'ADP', 'chat', 'VERB'), ('Preposition Error', 'you', 'PRON', 'with', 'ADP'), ('Pronoun Error', '.', 'PUNCT', 'you', 'PRON')]","{'Verb Error': 3, 'Preposition Error': 2, 'Adjective Error': 2, 'Noun Error': 1, 'Other Error': 1, 'Pronoun Error': 1}"
Hindi,"[('Adjective Error', 'second', 'ADJ', 'a', 'DET'), ('Noun Error', 'year', 'NOUN', 'second', 'ADJ'), ('Noun Error', 'from', 'ADP', 'student', 'NOUN'), ('Preposition Error', 'Mumbai', 'PROPN', 'from', 'ADP'), ('Other Error', '..', 'PUNCT', 'Mumbai', 'PROPN'), ('Other Error', 'And', 'CCONJ', '..', 'PUNCT'), ('Pronoun Error', 'I', 'PRON', 'and', 'CCONJ'), ('Pronoun Error', 'really', 'ADV', 'I', 'PRON'), ('Verb Error', 'want', 'VERB', 'really', 'ADV'), ('Verb Error', 'to', 'PART', 'want', 'VERB'), ('Verb Error', 'learn', 'VERB', 'to', 'PART'), ('Verb Error', 'fluent', 'ADJ', 'learn', 'VERB'), ('Adjective Error', 'English', 'PROPN', 'fluent', 'ADJ'), ('Other Error', '..', 'PUNCT', 'English', 'PROPN'), ('Other Error', 'if', 'SCONJ', '..', 'PUNCT'), ('Pronoun Error', 'we', 'PRON', 'if', 'SCONJ'), ('Verb Error', 'have', 'VERB', 'both', 'PRON'), ('Verb Error', 'same', 'ADJ', 'have', 'VERB'), ('Noun Error', 'requirements', 'NOUN', 'the', 'DET'), ('Adjective Error', 'so', 'SCONJ', 'same', 'ADJ'), ('Noun Error', 'we', 'PRON', 'requirements', 'NOUN'), ('Other Error', 'can', 'AUX', ',', 'PUNCT'), ('Pronoun Error', 'definitely', 'ADV', 'we', 'PRON'), ('Verb Error', 'improve', 'VERB', 'can', 'AUX'), ('Other Error', 'each', 'DET', 'definitely', 'ADV'), ('Verb Error', 'other', 'ADJ', 'improve', 'VERB'), ('Other Error', ""'s"", 'PART', 'each', 'DET'), ('Noun Error', 'language', 'NOUN', 'other', 'ADJ'), ('Other Error', 'while', 'SCONJ', ""'s"", 'PART'), ('Noun Error', 'daily', 'ADV', 'language', 'NOUN'), ('Verb Error', 'speaking', 'VERB', 'while', 'SCONJ'), ('Other Error', '..', 'PUNCT', 'daily', 'ADV'), ('Other Error', 'please', 'INTJ', 'below', 'ADV')]","{'Other Error': 10, 'Verb Error': 9, 'Noun Error': 6, 'Pronoun Error': 4, 'Adjective Error': 3, 'Preposition Error': 1}"
Italian,"[('Preposition Error', 'for', 'ADP', 'to', 'PART'), ('Verb Error', 'help', 'VERB', 'will', 'AUX'), ('Verb Error', 'you', 'PRON', 'help', 'VERB'), ('Preposition Error', 'with', 'ADP', 'you', 'PRON'), ('Adjective Error', 'italian', 'ADJ', 'with', 'ADP'), ('Other Error', '.', 'PUNCT', 'Italian', 'PROPN'), ('Noun Error', 'e', 'NOUN', 'and', 'CCONJ'), ('Other Error', 'very', 'ADV', 'and', 'CCONJ'), ('Adjective Error', 'interested', 'ADJ', 'I', 'PRON'), ('Preposition Error', 'in', 'ADP', 'am', 'AUX'), ('Verb Error', 'finding', 'VERB', 'very', 'ADV'), ('Adjective Error', 'a', 'DET', 'interested', 'ADJ'), ('Adjective Error', 'reliable', 'ADJ', 'in', 'ADP'), ('Verb Error', 'and', 'CCONJ', 'finding', 'VERB'), ('Adjective Error', 'funny', 'ADJ', 'a', 'DET'), ('Noun Error', 'language', 'NOUN', 'reliable', 'ADJ'), ('Noun Error', 'partner', 'NOUN', 'and', 'CCONJ'), ('Adjective Error', 'for', 'ADP', 'funny', 'ADJ'), ('Verb Error', 'practicing', 'VERB', 'language', 'NOUN'), ('Noun Error', 'English', 'PROPN', 'partner', 'NOUN'), ('Preposition Error', 'and', 'CCONJ', 'for', 'ADP'), ('Verb Error', 'German', 'PROPN', 'practicing', 'VERB'), ('Adjective Error', '.', 'PUNCT', 'Italian', 'ADJ'), ('Pronoun Error', 'I', 'PRON', 'and', 'CCONJ'), ('Verb Error', 'believe', 'VERB', 'Italian', 'ADJ'), ('Other Error', 'a', 'DET', '.', 'PUNCT'), ('Pronoun Error', 'Language', 'PROPN', 'I', 'PRON'), ('Verb Error', 'Exchange', 'PROPN', 'believe', 'VERB'), ('Verb Error', 'needs', 'VERB', 'a', 'DET'), ('Other Error', 'to', 'PART', 'Language', 'PROPN'), ('Other Error', 'be', 'AUX', 'Exchange', 'PROPN'), ('Verb Error', 'more', 'ADJ', 'needs', 'VERB'), ('Preposition Error', 'about', 'ADP', 'to', 'PART'), ('Noun Error', 'communication', 'NOUN', 'be', 'AUX'), ('Adjective Error', 'than', 'ADP', 'more', 'ADJ'), ('Preposition Error', '.', 'PUNCT', 'than', 'ADP'), ('Verb Error', 'to', 'PART', 'learn', 'VERB'), ('Verb Error', 'learn', 'VERB', 'Russian', 'PROPN'), ('Adjective Error', 'russian', 'ADJ', ',', 'PUNCT'), ('Other Error', ',', 'PUNCT', 'and', 'CCONJ'), ('Other Error', 'and', 'CCONJ', 'why', 'SCONJ'), ('Other Error', 'why', 'SCONJ', 'not', 'PART'), ('Other Error', 'not', 'PART', ',', 'PUNCT'), ('Other Error', ',', 'PUNCT', 'to', 'PART'), ('Verb Error', 'to', 'PART', 'make', 'VERB'), ('Verb Error', 'make', 'VERB', 'some', 'DET'), ('Adjective Error', 'some', 'DET', 'new', 'ADJ'), ('Noun Error', 'new', 'ADJ', 'friends', 'NOUN'), ('Noun Error', 'friends', 'NOUN', '.', 'PUNCT'), ('Verb Error', 'like', 'VERB', 'would', 'AUX'), ('Verb Error', 'to', 'PART', 'like', 'VERB'), ('Verb Error', 'help', 'VERB', 'to', 'PART'), ('Verb Error', 'foreigners', 'NOUN', 'help', 'VERB'), ('Noun Error', 'to', 'PART', 'foreigners', 'NOUN'), ('Verb Error', 'want', 'VERB', 'can', 'AUX'), ('Verb Error', 'to', 'PART', 'read', 'VERB'), ('Verb Error', 'practice', 'VERB', 'but', 'CCONJ'), ('Pronoun Error', 'English', 'PROPN', 'I', 'PRON'), ('Other Error', 'so', 'SCONJ', 'do', 'AUX'), ('Other Error', 'if', 'SCONJ', ""n't"", 'PART'), ('Verb Error', 'you', 'PRON', 'understand', 'VERB'), ('Verb Error', 'want', 'VERB', 'anything', 'PRON'), ('Pronoun Error', 'to', 'PART', 'I', 'PRON'), ('Preposition Error', 'about', 'ADP', 'the', 'DET'), ('Noun Error', 'your', 'PRON', 'alphabet', 'NOUN'), ('Noun Error', 'country', 'NOUN', 'and', 'CCONJ'), ('Pronoun Error', 'we', 'PRON', 'when', 'SCONJ'), ('Pronoun Error', 'can', 'AUX', 'I', 'PRON'), ('Adjective Error', 'english', 'PROPN', 'free', 'ADJ'), ('Noun Error', 'together', 'ADV', 'time', 'NOUN'), ('Pronoun Error', '.', 'PUNCT', 'I', 'PRON'), ('Pronoun Error', 'I', 'PRON', 'will', 'AUX'), ('Verb Error', 'can', 'AUX', 'start', 'VERB'), ('Verb Error', 'read', 'VERB', 'to', 'PART'), ('Verb Error', 'but', 'CCONJ', 'study', 'VERB'), ('Noun Error', 'i', 'PRON', 'grammar', 'NOUN'), ('Pronoun Error', 'do', 'AUX', 'I', 'PRON'), ('Verb Error', ""n't"", 'PART', 'bought', 'VERB'), ('Verb Error', 'understand', 'VERB', 'a', 'DET'), ('Adjective Error', 'anything', 'PRON', 'Korean', 'ADJ'), ('Noun Error', ' ', 'SPACE', 'grammar', 'NOUN'), ('Noun Error', 'I', 'PRON', 'book', 'NOUN'), ('Verb Error', 'studied', 'VERB', '.', 'PUNCT'), ('Pronoun Error', 'Ok', 'INTJ', 'I', 'PRON'), ('Other Error', ',', 'PUNCT', ""'m"", 'AUX'), ('Verb Error', 'that', 'PRON', 'trying', 'VERB'), ('Other Error', ""'s"", 'AUX', 'to', 'PART'), ('Verb Error', 'me', 'PRON', 'keep', 'VERB'), ('Preposition Error', ':', 'PUNCT', 'up', 'ADP'), ('Preposition Error', 'I', 'PRON', 'with', 'ADP'), ('Other Error', ""'m"", 'AUX', 'the', 'DET'), ('Verb Error', 'trying', 'VERB', 'languages', 'NOUN'), ('Pronoun Error', 'to', 'PART', 'I', 'PRON'), ('Preposition Error', 'up', 'ADP', 'but', 'CCONJ'), ('Preposition Error', 'with', 'ADP', 'unfortunately', 'ADV'), ('Pronoun Error', 'the', 'DET', 'I', 'PRON'), ('Noun Error', 'languages', 'NOUN', 'do', 'AUX'), ('Pronoun Error', 'I', 'PRON', ""n't"", 'PART'), ('Other Error', 'but', 'CCONJ', 'the', 'DET'), ('Noun Error', 'sadly', 'ADV', 'chance', 'NOUN'), ('Pronoun Error', 'I', 'PRON', 'to', 'PART'), ('Verb Error', 'do', 'AUX', 'practice', 'VERB'), ('Pronoun Error', ""n't"", 'PART', 'them', 'PRON'), ('Verb Error', 'get', 'VERB', 'as', 'ADV'), ('Other Error', 'the', 'DET', 'often', 'ADV'), ('Noun Error', 'chance', 'NOUN', ',', 'PUNCT'), ('Other Error', 'to', 'PART', 'and', 'CCONJ'), ('Verb Error', 'practice', 'VERB', 'you', 'PRON'), ('Verb Error', 'them', 'PRON', 'know', 'VERB'), ('Other Error', 'as', 'ADV', ',', 'PUNCT'), ('Other Error', 'often', 'ADV', 'if', 'SCONJ'), ('Pronoun Error', ',', 'PUNCT', 'you', 'PRON'), ('Other Error', 'and', 'CCONJ', 'do', 'AUX'), ('Pronoun Error', 'you', 'PRON', ""n't"", 'PART'), ('Other Error', ',', 'PUNCT', 'regularly', 'ADV'), ('Pronoun Error', 'if', 'SCONJ', 'they', 'PRON'), ('Pronoun Error', 'you', 'PRON', 'totally', 'ADV'), ('Verb Error', 'do', 'AUX', 'slip', 'VERB'), ('Other Error', ""n't"", 'PART', '!', 'PUNCT'), ('Verb Error', 'practice', 'VERB', 'I', 'PRON'), ('Other Error', 'regularly', 'ADV', ""'d"", 'AUX'), ('Verb Error', 'they', 'PRON', 'love', 'VERB'), ('Other Error', 'totally', 'ADV', 'to', 'PART'), ('Noun Error', 'love', 'NOUN', 'up', 'ADP'), ('Other Error', '.', 'PUNCT', 'and', 'CCONJ'), ('Pronoun Error', 'I', 'PRON', 'would', 'AUX'), ('Verb Error', 'would', 'AUX', 'need', 'VERB'), ('Verb Error', 'need', 'VERB', 'to', 'PART'), ('Verb Error', 'to', 'PART', 'practice', 'VERB'), ('Verb Error', 'practice', 'VERB', 'my', 'PRON'), ('Verb Error', 'my', 'PRON', 'spoken', 'VERB'), ('Verb Error', 'spoken', 'VERB', 'english', 'PROPN'), ('Other Error', 'english', 'PROPN', '.', 'PUNCT'), ('Pronoun Error', '.', 'PUNCT', 'I', 'PRON'), ('Verb Error', 'I', 'PRON', 'live', 'VERB'), ('Verb Error', 'live', 'VERB', 'in', 'ADP'), ('Preposition Error', 'in', 'ADP', 'Tuscany', 'PROPN'), ('Preposition Error', 'Tuscany', 'PROPN', 'between', 'ADP'), ('Preposition Error', 'between', 'ADP', 'Pisa', 'PROPN'), ('Other Error', 'Pisa', 'PROPN', 'and', 'CCONJ'), ('Other Error', 'and', 'CCONJ', 'Florence', 'PROPN'), ('Other Error', 'Florence', 'PROPN', '.', 'PUNCT'), ('Verb Error', ""'"", 'VERB', ""'m"", 'AUX'), ('Verb Error', 'm', 'VERB', 'Monica', 'PROPN'), ('Preposition Error', 'Monica', 'PROPN', 'from', 'ADP'), ('Preposition Error', 'from', 'ADP', 'Italy', 'PROPN'), ('Other Error', 'Italy', 'PROPN', 'and', 'CCONJ'), ('Verb Error', 'can', 'AUX', 'help', 'VERB'), ('Verb Error', 'help', 'VERB', 'you', 'PRON'), ('Preposition Error', 'you', 'PRON', 'with', 'ADP'), ('Preposition Error', 'with', 'ADP', 'your', 'PRON'), ('Pronoun Error', 'your', 'PRON', 'ItalianThe', 'PROPN'), ('Noun Error', 'italianThe', 'ADJ', 'curiosity', 'NOUN'), ('Noun Error', 'curiosity', 'NOUN', 'is', 'AUX'), ('Pronoun Error', 'is', 'AUX', 'my', 'PRON'), ('Noun Error', 'my', 'PRON', 'passion', 'NOUN'), ('Noun Error', 'passion', 'NOUN', ':', 'PUNCT'), ('Pronoun Error', ':', 'PUNCT', 'I', 'PRON'), ('Verb Error', 'I', 'PRON', 'love', 'VERB'), ('Verb Error', 'love', 'VERB', 'sailing', 'NOUN'), ('Noun Error', 'sailing', 'NOUN', ',', 'PUNCT'), ('Noun Error', ',', 'PUNCT', 'skiing', 'NOUN'), ('Noun Error', 'skiing', 'NOUN', ',', 'PUNCT'), ('Noun Error', ',', 'PUNCT', 'swimming', 'NOUN'), ('Noun Error', 'swimming', 'NOUN', ',', 'PUNCT'), ('Verb Error', ',', 'PUNCT', 'visiting', 'VERB'), ('Verb Error', 'visiting', 'VERB', 'exhibitions', 'NOUN'), ('Noun Error', 'exhibitions', 'NOUN', ',', 'PUNCT'), ('Pronoun Error', 'I', 'PRON', ',', 'PUNCT'), ('Pronoun Error', ""'m"", 'AUX', 'I', 'PRON'), ('Other Error', 'Alberto', 'PROPN', ""'m"", 'AUX'), ('Other Error', 'and', 'CCONJ', 'Alberto', 'PROPN'), ('Pronoun Error', 'I', 'PRON', 'and', 'CCONJ'), ('Pronoun Error', ""'m"", 'AUX', 'I', 'PRON'), ('Other Error', 'a', 'DET', ""'m"", 'AUX'), ('Adjective Error', 'native', 'ADJ', 'a', 'DET'), ('Noun Error', 'speaker', 'NOUN', 'Italian', 'ADJ'), ('Noun Error', '.', 'PUNCT', 'speaker', 'NOUN'), ('Pronoun Error', 'I', 'PRON', '.', 'PUNCT'), ('Verb Error', 'want', 'VERB', 'I', 'PRON'), ('Verb Error', 'to', 'PART', 'want', 'VERB'), ('Verb Error', 'practice', 'VERB', 'to', 'PART'), ('Verb Error', 'my', 'PRON', 'practice', 'VERB'), ('Pronoun Error', 'English', 'PROPN', 'my', 'PRON'), ('Other Error', 'and', 'CCONJ', 'English', 'PROPN'), ('Other Error', 'maybe', 'ADV', 'and', 'CCONJ'), ('Verb Error', 'learn', 'VERB', 'maybe', 'ADV'), ('Verb Error', 'Spanish', 'PROPN', 'learn', 'VERB'), ('Other Error', ',', 'PUNCT', 'Spanish', 'PROPN'), ('Preposition Error', 'in', 'ADP', ',', 'PUNCT'), ('Noun Error', 'exchange', 'NOUN', 'in', 'ADP'), ('Noun Error', 'I', 'PRON', 'exchange', 'NOUN'), ('Pronoun Error', 'can', 'AUX', 'I', 'PRON'), ('Verb Error', 'help', 'VERB', 'can', 'AUX'), ('Verb Error', 'you', 'PRON', 'help', 'VERB'), ('Preposition Error', 'with', 'ADP', 'you', 'PRON'), ('Preposition Error', 'your', 'PRON', 'with', 'ADP'), ('Adjective Error', 'Italian', 'ADJ', 'your', 'PRON'), ('Adjective Error', '!', 'PUNCT', 'Italian', 'ADJ')]","{'Preposition Error': 21, 'Verb Error': 63, 'Adjective Error': 15, 'Other Error': 37, 'Noun Error': 32, 'Pronoun Error': 31}"
Japanese,"[('Pronoun Error', 'I', 'PRON', ',', 'PUNCT'), ('Verb Error', 'live', 'VERB', 'I', 'PRON'), ('Verb Error', 'in', 'ADP', 'live', 'VERB'), ('Preposition Error', 'Tokyo', 'PROPN', 'in', 'ADP'), ('Other Error', '.', 'PUNCT', 'Tokyo', 'PROPN'), ('Pronoun Error', 'I', 'PRON', '.', 'PUNCT'), ('Pronoun Error', 'have', 'AUX', 'I', 'PRON'), ('Verb Error', 'learning', 'VERB', 'been', 'AUX'), ('Verb Error', 'English', 'PROPN', 'learning', 'VERB'), ('Preposition Error', 'for', 'ADP', 'English', 'PROPN'), ('Adjective Error', 'many', 'ADJ', 'for', 'ADP'), ('Noun Error', 'years', 'NOUN', 'many', 'ADJ'), ('Noun Error', '.', 'PUNCT', 'years', 'NOUN'), ('Other Error', 'But', 'CCONJ', ',', 'PUNCT'), ('Pronoun Error', 'I', 'PRON', 'but', 'CCONJ'), ('Pronoun Error', 'do', 'AUX', 'I', 'PRON'), ('Other Error', ""n't"", 'PART', 'do', 'AUX'), ('Verb Error', 'have', 'VERB', ""n't"", 'PART'), ('Verb Error', 'any', 'DET', 'have', 'VERB'), ('Noun Error', 'opportunities', 'NOUN', 'any', 'DET'), ('Noun Error', 'to', 'PART', 'opportunities', 'NOUN'), ('Verb Error', 'use', 'VERB', 'to', 'PART'), ('Verb Error', 'my', 'PRON', 'use', 'VERB'), ('Adjective Error', 'English', 'ADJ', 'my', 'PRON'), ('Noun Error', 'skills', 'NOUN', 'English', 'ADJ'), ('Noun Error', '.', 'PUNCT', 'skills', 'NOUN'), ('Pronoun Error', 'It', 'PRON', '.', 'PUNCT'), ('Pronoun Error', 'is', 'AUX', 'It', 'PRON'), ('Adjective Error', 'nice', 'ADJ', 'would', 'AUX'), ('Other Error', 'if', 'SCONJ', 'be', 'AUX'), ('Adjective Error', 'I', 'PRON', 'nice', 'ADJ'), ('Other Error', 'could', 'AUX', 'if', 'SCONJ'), ('Verb Error', 'exchange', 'VERB', 'I', 'PRON'), ('Noun Error', 'languages', 'NOUN', 'could', 'AUX'), ('Verb Error', '.', 'PUNCT', 'exchange', 'VERB'), ('Preposition Error', 'in', 'ADP', 'you', 'PRON'), ('Verb Error', 'which', 'PRON', 'send', 'VERB'), ('Preposition Error', 'you', 'PRON', 'to', 'ADP'), ('Verb Error', 'send', 'VERB', 'me', 'PRON'), ('Preposition Error', 'to', 'ADP', 'unless', 'SCONJ'), ('Other Error', 'unless', 'SCONJ', 'ca', 'AUX'), ('Pronoun Error', 'I', 'PRON', ""n't"", 'PART'), ('Other Error', 'ca', 'AUX', '.', 'PUNCT'), ('Adjective Error', 'interested', 'ADJ', '!', 'PUNCT'), ('Preposition Error', 'in', 'ADP', 'I', 'PRON'), ('Verb Error', 'writing', 'VERB', ""'m"", 'AUX'), ('Adjective Error', 'about', 'ADP', 'interested', 'ADJ'), ('Noun Error', 'law', 'NOUN', 'in', 'ADP'), ('Verb Error', 'in', 'ADP', 'writing', 'VERB'), ('Preposition Error', 'English', 'PROPN', 'about', 'ADP'), ('Noun Error', ',', 'PUNCT', 'law', 'NOUN'), ('Preposition Error', 'so', 'ADV', 'in', 'ADP'), ('Pronoun Error', 'I', 'PRON', 'English', 'PROPN'), ('Other Error', ""'m"", 'AUX', ',', 'PUNCT'), ('Adjective Error', 'glad', 'ADJ', 'so', 'ADV'), ('Pronoun Error', 'if', 'SCONJ', 'I', 'PRON'), ('Pronoun Error', 'you', 'PRON', ""'m"", 'AUX'), ('Adjective Error', ""'re"", 'AUX', 'glad', 'ADJ'), ('Adjective Error', 'interested', 'ADJ', 'if', 'SCONJ'), ('Preposition Error', 'in', 'ADP', 'you', 'PRON'), ('Adjective Error', 'English', 'ADJ', 'my', 'PRON'), ('Noun Error', 'skill', 'NOUN', 'English', 'ADJ'), ('Noun Error', 'for', 'ADP', 'skills', 'NOUN'), ('Noun Error', 'work', 'NOUN', 'for', 'ADP'), ('Noun Error', 'seriously', 'ADV', 'work', 'NOUN'), ('Other Error', '.', 'PUNCT', 'seriously', 'ADV'), ('Pronoun Error', 'I', 'PRON', '.', 'PUNCT'), ('Verb Error', 'have', 'VERB', 'I', 'PRON'), ('Verb Error', 'some', 'DET', 'have', 'VERB'), ('Noun Error', 'experience', 'NOUN', 'some', 'DET'), ('Noun Error', 'to', 'PART', 'experience', 'NOUN'), ('Other Error', 'do', 'AUX', 'to', 'PART'), ('Verb Error', 'exchange', 'VERB', 'do', 'AUX'), ('Verb Error', 'language', 'NOUN', 'exchange', 'VERB'), ('Noun Error', 'so', 'ADV', 'language', 'NOUN'), ('Pronoun Error', 'i', 'PRON', 'so', 'ADV'), ('Verb Error', 'think', 'VERB', 'I', 'PRON'), ('Verb Error', 'i', 'PRON', 'think', 'VERB'), ('Pronoun Error', 'can', 'AUX', 'I', 'PRON'), ('Verb Error', 'help', 'VERB', 'can', 'AUX'), ('Verb Error', 'you', 'PRON', 'help', 'VERB'), ('Verb Error', 'learning', 'VERB', 'you', 'PRON'), ('Verb Error', 'Japanese', 'PROPN', 'learn', 'VERB'), ('Other Error', '.', 'PUNCT', 'Japanese', 'PROPN'), ('Other Error', 'but', 'CCONJ', ',', 'PUNCT'), ('Pronoun Error', 'my', 'PRON', 'but', 'CCONJ'), ('Verb Error', 'speaking', 'VERB', 'my', 'PRON'), ('Verb Error', 'needs', 'VERB', 'skills', 'NOUN'), ('Verb Error', 'improvement', 'NOUN', 'need', 'VERB'), ('Noun Error', '.', 'PUNCT', 'improvement', 'NOUN'), ('Pronoun Error', 'I', 'PRON', '.', 'PUNCT'), ('Verb Error', 'prefer', 'VERB', 'I', 'PRON'), ('Verb Error', 'voice', 'NOUN', 'prefer', 'VERB'), ('Noun Error', 'or', 'CCONJ', 'messages', 'NOUN'), ('Verb Error', 'talking', 'VERB', 'or', 'CCONJ'), ('Verb Error', 'on', 'ADP', 'talking', 'VERB'), ('Preposition Error', 'the', 'DET', 'on', 'ADP'), ('Noun Error', 'phone', 'NOUN', 'the', 'DET'), ('Noun Error', 'regularly', 'ADV', 'phone', 'NOUN'), ('Other Error', 'to', 'PART', 'regularly', 'ADV'), ('Verb Error', 'improve', 'VERB', 'to', 'PART'), ('Noun Error', 'skill', 'NOUN', 'my', 'PRON'), ('Noun Error', '.', 'PUNCT', 'speaking', 'NOUN'), ('Noun Error', 'I', 'PRON', 'skills', 'NOUN'), ('Other Error', ""'ll"", 'AUX', '.', 'PUNCT'), ('Pronoun Error', 'be', 'AUX', 'I', 'PRON'), ('Adjective Error', 'happy', 'ADJ', ""'ll"", 'AUX'), ('Other Error', 'to', 'PART', 'be', 'AUX'), ('Verb Error', 'help', 'VERB', 'happy', 'ADJ'), ('Pronoun Error', 'you', 'PRON', 'to', 'PART'), ('Verb Error', 'with', 'ADP', 'help', 'VERB'), ('Pronoun Error', 'Japanese', 'PROPN', 'you', 'PRON'), ('Preposition Error', '.', 'PUNCT', 'with', 'ADP'), ('Preposition Error', 'In', 'ADP', 'Japanese', 'PROPN'), ('Pronoun Error', 'my', 'PRON', '.', 'PUNCT'), ('Adjective Error', 'spare', 'ADJ', 'In', 'ADP'), ('Noun Error', 'time', 'NOUN', 'my', 'PRON'), ('Adjective Error', ',', 'PUNCT', 'spare', 'ADJ'), ('Noun Error', 'I', 'PRON', 'time', 'NOUN'), ('Other Error', 'often', 'ADV', ',', 'PUNCT'), ('Verb Error', 'go', 'VERB', 'I', 'PRON'), ('Preposition Error', 'in', 'ADP', 'my', 'PRON'), ('Adjective Error', 'my', 'PRON', 'English', 'ADJ'), ('Adjective Error', 'English', 'ADJ', 'and', 'CCONJ'), ('Adjective Error', 'and', 'CCONJ', 'poor', 'ADJ'), ('Adjective Error', 'poor', 'ADJ', 'Spanish', 'PROPN'), ('Other Error', 'Spanish', 'PROPN', '.', 'PUNCT'), ('Pronoun Error', '.', 'PUNCT', 'I', 'PRON'), ('Pronoun Error', 'I', 'PRON', ""'ve"", 'AUX'), ('Other Error', ""'ve"", 'AUX', 'always', 'ADV'), ('Other Error', 'always', 'ADV', 'been', 'AUX'), ('Adjective Error', 'been', 'AUX', 'interested', 'ADJ'), ('Adjective Error', 'interested', 'ADJ', 'in', 'ADP'), ('Verb Error', 'in', 'ADP', 'learning', 'VERB'), ('Verb Error', 'learning', 'VERB', 'different', 'ADJ'), ('Noun Error', 'different', 'ADJ', 'languages', 'NOUN'), ('Noun Error', 'languages', 'NOUN', 'and', 'CCONJ'), ('Noun Error', 'and', 'CCONJ', 'cultures', 'NOUN'), ('Noun Error', 'cultures', 'NOUN', '.', 'PUNCT'), ('Other Error', '.', 'PUNCT', 'Well', 'INTJ'), ('Other Error', 'Well', 'INTJ', ',', 'PUNCT'), ('Adjective Error', ',', 'PUNCT', 'nice', 'ADJ'), ('Adjective Error', 'nice', 'ADJ', 'to', 'PART'), ('Verb Error', 'to', 'PART', 'meet', 'VERB'), ('Verb Error', 'meet', 'VERB', 'you', 'PRON'), ('Pronoun Error', 'you', 'PRON', 'and', 'CCONJ'), ('Pronoun Error', 'and', 'CCONJ', 'I', 'PRON'), ('Verb Error', 'I', 'PRON', 'hope', 'VERB'), ('Verb Error', 'hope', 'VERB', 'we', 'PRON'), ('Pronoun Error', 'we', 'PRON', 'can', 'AUX'), ('Verb Error', 'can', 'AUX', 'exchange', 'VERB'), ('Verb Error', 'exchange', 'VERB', 'language', 'NOUN'), ('Noun Error', 'language', 'NOUN', 'and', 'CCONJ'), ('Verb Error', 'and', 'CCONJ', 'teach', 'VERB'), ('Verb Error', 'teach', 'VERB', 'each', 'DET'), ('Adjective Error', 'each', 'DET', 'other', 'ADJ'), ('Adjective Error', 'Russian', 'ADJ', 'Russian', 'PROPN'), ('Adjective Error', 'english', 'ADJ', 'English', 'PROPN'), ('Noun Error', 'TV', 'NOUN', 'TV', 'PROPN'), ('Noun Error', 'top', 'NOUN', 'the', 'DET'), ('Noun Error', 'of', 'ADP', 'top', 'NOUN'), ('Preposition Error', 'their', 'PRON', 'of', 'ADP'), ('Pronoun Error', 'headso', 'PROPN', 'their', 'PRON'), ('Verb Error', 'called', 'VERB', 'heads', 'NOUN'), ('Other Error', 'kemomimi', 'PROPN', ',', 'PUNCT'), ('Verb Error', '.', 'PUNCT', 'called', 'VERB'), ('Other Error', 'each', 'DET', '!', 'PUNCT')]","{'Verb Error': 47, 'Pronoun Error': 26, 'Noun Error': 33, 'Other Error': 23, 'Adjective Error': 24, 'Preposition Error': 14}"
Javanese,"[('Pronoun Error', 'I', 'PRON', 'and', 'CCONJ'), ('Pronoun Error', 'can', 'AUX', 'I', 'PRON'), ('Other Error', 'also', 'ADV', 'can', 'AUX'), ('Verb Error', 'help', 'VERB', 'also', 'ADV'), ('Verb Error', 'anyone', 'PRON', 'help', 'VERB'), ('Pronoun Error', 'is', 'AUX', 'who', 'PRON'), ('Verb Error', 'learning', 'VERB', 'is', 'AUX'), ('Verb Error', 'Indonesian', 'PROPN', 'learning', 'VERB'), ('Other Error', 'or', 'CCONJ', 'Indonesian', 'PROPN'), ('Other Error', 'Javanese', 'PROPN', 'or', 'CCONJ'), ('Other Error', '.', 'PUNCT', 'Javanese', 'PROPN')]","{'Other Error': 4, 'Verb Error': 4, 'Pronoun Error': 3}"
Korean,"[('Verb Error', 'designing', 'NOUN', 'designing', 'VERB'), ('Pronoun Error', 'what', 'PRON', ',', 'PUNCT'), ('Noun Error', 'I', 'PRON', 'hiking', 'NOUN'), ('Verb Error', 'know', 'VERB', ',', 'PUNCT'), ('Noun Error', 'and', 'CCONJ', 'cycling', 'NOUN'), ('Verb Error', 'listening', 'VERB', ',', 'PUNCT'), ('Verb Error', 'to', 'ADP', 'playing', 'VERB'), ('Other Error', '.', 'PUNCT', 'and', 'CCONJ'), ('Verb Error', 'I', 'PRON', 'taking', 'VERB'), ('Verb Error', 'love', 'VERB', 'a', 'DET'), ('Verb Error', 'traveling', 'VERB', 'walk', 'NOUN')]","{'Verb Error': 7, 'Noun Error': 2, 'Pronoun Error': 1, 'Other Error': 1}"
Marathi,"[('Adjective Error', 'second', 'ADJ', 'a', 'DET'), ('Noun Error', 'year', 'NOUN', 'second', 'ADJ'), ('Noun Error', 'from', 'ADP', 'student', 'NOUN'), ('Preposition Error', 'Mumbai', 'PROPN', 'from', 'ADP'), ('Other Error', '..', 'PUNCT', 'Mumbai', 'PROPN'), ('Other Error', 'And', 'CCONJ', '..', 'PUNCT'), ('Pronoun Error', 'I', 'PRON', 'and', 'CCONJ'), ('Pronoun Error', 'really', 'ADV', 'I', 'PRON'), ('Verb Error', 'want', 'VERB', 'really', 'ADV'), ('Verb Error', 'to', 'PART', 'want', 'VERB'), ('Verb Error', 'learn', 'VERB', 'to', 'PART'), ('Verb Error', 'fluent', 'ADJ', 'learn', 'VERB'), ('Adjective Error', 'English', 'PROPN', 'fluent', 'ADJ'), ('Other Error', '..', 'PUNCT', 'English', 'PROPN'), ('Other Error', 'if', 'SCONJ', '..', 'PUNCT'), ('Pronoun Error', 'we', 'PRON', 'if', 'SCONJ'), ('Verb Error', 'have', 'VERB', 'both', 'PRON'), ('Verb Error', 'same', 'ADJ', 'have', 'VERB'), ('Noun Error', 'requirements', 'NOUN', 'the', 'DET'), ('Adjective Error', 'so', 'SCONJ', 'same', 'ADJ'), ('Noun Error', 'we', 'PRON', 'requirements', 'NOUN'), ('Other Error', 'can', 'AUX', ',', 'PUNCT'), ('Pronoun Error', 'definitely', 'ADV', 'we', 'PRON'), ('Verb Error', 'improve', 'VERB', 'can', 'AUX'), ('Other Error', 'each', 'DET', 'definitely', 'ADV'), ('Verb Error', 'other', 'ADJ', 'improve', 'VERB'), ('Other Error', ""'s"", 'PART', 'each', 'DET'), ('Noun Error', 'language', 'NOUN', 'other', 'ADJ'), ('Other Error', 'while', 'SCONJ', ""'s"", 'PART'), ('Noun Error', 'daily', 'ADV', 'language', 'NOUN'), ('Verb Error', 'speaking', 'VERB', 'while', 'SCONJ'), ('Other Error', '..', 'PUNCT', 'daily', 'ADV')]","{'Other Error': 9, 'Verb Error': 9, 'Noun Error': 6, 'Pronoun Error': 4, 'Adjective Error': 3, 'Preposition Error': 1}"
Persian,"[('Noun Error', 'culture', 'NOUN', ""'s"", 'PART'), ('Noun Error', '.', 'PUNCT', 'culture', 'NOUN'), ('Other Error', '.', 'PUNCT', 'and', 'CCONJ')]","{'Noun Error': 2, 'Other Error': 1}"
Polish,"[('Verb Error', 'do', 'AUX', 'feel', 'VERB'), ('Verb Error', 'feel', 'VERB', 'free', 'ADJ'), ('Adjective Error', 'free', 'ADJ', 'to', 'PART'), ('Verb Error', 'to', 'PART', 'write', 'VERB'), ('Verb Error', 'write', 'VERB', '!', 'PUNCT')]","{'Verb Error': 4, 'Adjective Error': 1}"
Romanian,"[('Verb Error', 'beFor', 'VERB', 'be', 'AUX'), ('Preposition Error', 'my', 'PRON', 'for', 'ADP'), ('Adjective Error', 'unconquerable', 'ADJ', 'my', 'PRON'), ('Noun Error', 'soul', 'NOUN', 'unconquered', 'ADJ'), ('Noun Error', '...', 'PUNCT', 'soul', 'NOUN')]","{'Noun Error': 2, 'Verb Error': 1, 'Preposition Error': 1, 'Adjective Error': 1}"
Russian,"[('Noun Error', ""I'm"", 'NOUN', 'I', 'PRON'), ('Verb Error', 'looking', 'VERB', ""'m"", 'AUX'), ('Verb Error', 'for', 'ADP', 'looking', 'VERB'), ('Preposition Error', 'a', 'DET', 'for', 'ADP'), ('Adjective Error', 'native', 'ADJ', 'a', 'DET'), ('Noun Error', 'speaker', 'NOUN', 'English', 'ADJ'), ('Noun Error', 'to', 'PART', 'speaker', 'NOUN'), ('Verb Error', 'talk', 'VERB', 'to', 'PART'), ('Verb Error', 'with', 'ADP', 'talk', 'VERB'), ('Preposition Error', 'and', 'CCONJ', 'with', 'ADP'), ('Other Error', 'to', 'PART', 'and', 'CCONJ'), ('Noun Error', 'for', 'ADP', 'assistance', 'NOUN'), ('Preposition Error', 'you', 'PRON', 'in', 'ADP'), ('Noun Error', 'form', 'NOUN', 'your', 'PRON'), ('Noun Error', 'of', 'ADP', 'studying', 'NOUN'), ('Preposition Error', 'the', 'DET', 'of', 'ADP'), ('Noun Error', 'communication', 'NOUN', 'Russian', 'PROPN'), ('Verb Error', 'acceptable', 'ADJ', 'granted', 'VERB'), ('Other Error', 'to', 'PART', 'English', 'PROPN'), ('Verb Error', 'learn', 'VERB', 'and', 'CCONJ'), ('Pronoun Error', 'something', 'PRON', 'Spanish', 'PROPN'), ('Adjective Error', 'new', 'ADJ', 'by', 'ADP'), ('Pronoun Error', 'and', 'CCONJ', 'myself', 'PRON'), ('Verb Error', 'meet', 'VERB', '.', 'PUNCT'), ('Adjective Error', 'interesting', 'ADJ', 'I', 'PRON'), ('Verb Error', 'people', 'NOUN', 'want', 'VERB'), ('Other Error', '.', 'PUNCT', 'to', 'PART'), ('Verb Error', 'I', 'PRON', 'improve', 'VERB'), ('Verb Error', 'study', 'VERB', 'my', 'PRON'), ('Verb Error', 'Spanish', 'PROPN', 'meet', 'VERB'), ('Preposition Error', 'by', 'ADP', 'a', 'DET'), ('Noun Error', 'myself', 'PRON', 'friend', 'NOUN'), ('Pronoun Error', '.', 'PUNCT', 'who', 'PRON'), ('Verb Error', 'I', 'PRON', 'wants', 'VERB'), ('Verb Error', 'want', 'VERB', 'to', 'PART'), ('Verb Error', 'to', 'PART', 'speak', 'VERB'), ('Verb Error', 'improve', 'VERB', 'Russian', 'ADJ'), ('Pronoun Error', 'my', 'PRON', 'or', 'CCONJ'), ('Other Error', 'and', 'CCONJ', '.', 'PUNCT'), ('Verb Error', 'offer', 'VERB', 'would', 'AUX'), ('Verb Error', 'Russian', 'PROPN', 'offer', 'VERB'), ('Other Error', '.', 'PUNCT', 'Russian', 'PROPN'), ('Other Error', 'just', 'ADV', ""'m"", 'AUX'), ('Other Error', 'a', 'DET', 'just', 'ADV'), ('Adjective Error', 'poor', 'ADJ', 'a', 'DET'), ('Noun Error', 'girl', 'NOUN', 'poor', 'ADJ'), ('Noun Error', ',', 'PUNCT', 'girl', 'NOUN'), ('Pronoun Error', 'I', 'PRON', ',', 'PUNCT'), ('Verb Error', 'need', 'VERB', 'I', 'PRON'), ('Verb Error', 'no', 'DET', 'need', 'VERB')]","{'Noun Error': 10, 'Verb Error': 19, 'Preposition Error': 5, 'Adjective Error': 4, 'Other Error': 7, 'Pronoun Error': 5}"
Sinhalese,"[('Other Error', 'etc', 'X', ',', 'PUNCT'), ('Other Error', '.', 'PUNCT', 'etc', 'X'), ('Pronoun Error', 'I', 'PRON', '.', 'X'), ('Pronoun Error', 'do', 'AUX', 'I', 'PRON'), ('Other Error', ""n't"", 'PART', 'do', 'AUX'), ('Verb Error', 'care', 'VERB', ""n't"", 'PART'), ('Verb Error', 'about', 'ADP', 'care', 'VERB'), ('Preposition Error', 'your', 'PRON', 'about', 'ADP')]","{'Other Error': 3, 'Pronoun Error': 2, 'Verb Error': 2, 'Preposition Error': 1}"
Spanish,"[('Pronoun Error', 'A', 'DET', 'I', 'PRON'), ('Verb Error', 'native', 'ADJ', 'want', 'VERB'), ('Adjective Error', 'english', 'ADJ', 'to', 'PART'), ('Verb Error', 'speaker', 'NOUN', 'improve', 'VERB'), ('Pronoun Error', 'please', 'INTJ', 'my', 'PRON'), ('Verb Error', 'pop', 'VERB', 'english', 'ADJ'), ('Noun Error', 'up', 'ADP', 'speaking', 'NOUN'), ('Verb Error', 'want', 'VERB', 'would', 'AUX'), ('Verb Error', 'to', 'PART', 'like', 'VERB'), ('Verb Error', 'improve', 'VERB', 'to', 'PART'), ('Verb Error', 'my', 'PRON', 'help', 'VERB'), ('Adjective Error', 'english', 'ADJ', 'you', 'PRON'), ('Noun Error', 'speaking', 'NOUN', 'with', 'ADP'), ('Pronoun Error', '.', 'PUNCT', 'your', 'PRON'), ('Pronoun Error', 'I', 'PRON', 'Spanish', 'PROPN'), ('Other Error', 'would', 'AUX', '.', 'PUNCT'), ('Pronoun Error', 'be', 'AUX', 'We', 'PRON'), ('Adjective Error', 'glad', 'ADJ', 'can', 'AUX'), ('Verb Error', 'to', 'PART', 'text', 'VERB'), ('Verb Error', 'help', 'VERB', ',', 'PUNCT'), ('Pronoun Error', 'you', 'PRON', 'and', 'CCONJ'), ('Preposition Error', 'with', 'ADP', 'I', 'PRON'), ('Pronoun Error', 'your', 'PRON', ""'d"", 'AUX'), ('Verb Error', 'spanish', 'NOUN', 'like', 'VERB'), ('Other Error', '.', 'PUNCT', 'to', 'PART'), ('Verb Error', 'We', 'PRON', 'do', 'VERB'), ('Other Error', 'can', 'AUX', 'some', 'DET'), ('Verb Error', 'text', 'VERB', 'video', 'NOUN'), ('Noun Error', ',', 'PUNCT', 'calls', 'NOUN'), ('Other Error', 'and', 'CCONJ', 'so', 'SCONJ'), ('Verb Error', ""'d"", 'AUX', 'feels', 'VERB'), ('Verb Error', 'like', 'VERB', 'more', 'ADV'), ('Preposition Error', 'to', 'PART', 'like', 'ADP'), ('Verb Error', 'do', 'VERB', 'a', 'DET'), ('Adjective Error', 'some', 'DET', 'real', 'ADJ'), ('Noun Error', 'calls', 'NOUN', '.', 'PUNCT'), ('Pronoun Error', 'so', 'SCONJ', 'I', 'PRON'), ('Pronoun Error', 'it', 'PRON', ""'m"", 'AUX'), ('Verb Error', 'feels', 'VERB', 'open', 'ADJ'), ('Adjective Error', 'more', 'ADV', 'minded', 'ADJ'), ('Preposition Error', 'like', 'ADP', 'and', 'CCONJ'), ('Pronoun Error', 'a', 'DET', 'I', 'PRON'), ('Preposition Error', 'I', 'PRON', 'At', 'ADP'), ('Other Error', 'am', 'AUX', 'the', 'DET'), ('Noun Error', 'from', 'ADP', 'moment', 'NOUN'), ('Pronoun Error', 'Barcelona', 'PROPN', 'I', 'PRON'), ('Other Error', 'and', 'CCONJ', 'am', 'AUX'), ('Verb Error', 'I', 'PRON', 'studying', 'VERB'), ('Verb Error', 'speak', 'VERB', 'English', 'PROPN'), ('Other Error', 'Spanish', 'PROPN', 'and', 'CCONJ'), ('Other Error', 'and', 'CCONJ', 'French', 'PROPN'), ('Other Error', 'Catalan', 'PROPN', '.', 'PUNCT'), ('Pronoun Error', '.', 'PUNCT', 'I', 'PRON'), ('Preposition Error', 'At', 'ADP', 'would', 'AUX'), ('Verb Error', 'the', 'DET', 'love', 'VERB'), ('Noun Error', 'moment', 'NOUN', 'to', 'PART'), ('Verb Error', 'I', 'PRON', 'find', 'VERB'), ('Pronoun Error', 'am', 'AUX', 'someone', 'PRON'), ('Verb Error', 'studying', 'VERB', 'to', 'PART'), ('Verb Error', 'English', 'PROPN', 'help', 'VERB'), ('Pronoun Error', 'and', 'CCONJ', 'me', 'PRON'), ('Verb Error', 'French', 'PROPN', 'practice', 'VERB'), ('Other Error', '.', 'PUNCT', 'English', 'PROPN'), ('Pronoun Error', 'I', 'PRON', 'and/or', 'CCONJ'), ('Other Error', 'would', 'AUX', 'French', 'PROPN'), ('Verb Error', 'love', 'VERB', '.', 'PUNCT'), ('Adjective Error', 'English', 'PROPN', 'Spanish', 'ADJ'), ('Noun Error', 'I', 'PRON', 'skills', 'NOUN'), ('Verb Error', 'moved', 'VERB', '.', 'PUNCT'), ('Preposition Error', 'on', 'ADP', 'I', 'PRON'), ('Verb Error', 'to', 'ADP', 'moved', 'VERB'), ('Preposition Error', 'New', 'PROPN', 'to', 'ADP'), ('Adjective Error', 'many', 'ADJ', 'York', 'PROPN'), ('Noun Error', 'weeks', 'NOUN', 'many', 'ADJ'), ('Noun Error', 'ago', 'ADV', 'weeks', 'NOUN'), ('Other Error', 'and', 'CCONJ', 'ago', 'ADV'), ('Other Error', 'French', 'PROPN', 'and', 'CCONJ'), ('Pronoun Error', '.', 'PUNCT', 'I', 'PRON'), ('Pronoun Error', 'I', 'PRON', ""'m"", 'AUX'), ('Other Error', ""'m"", 'AUX', 'an', 'DET'), ('Adjective Error', 'an', 'DET', 'industrial', 'ADJ'), ('Noun Error', 'industrial', 'ADJ', 'engineer', 'NOUN'), ('Noun Error', 'engineer', 'NOUN', 'and', 'CCONJ'), ('Noun Error', 'and', 'CCONJ', 'work', 'NOUN'), ('Noun Error', 'work', 'NOUN', 'as', 'ADP'), ('Preposition Error', 'as', 'ADP', 'a', 'DET'), ('Noun Error', 'a', 'DET', 'project', 'NOUN'), ('Noun Error', 'manager', 'NOUN', '.', 'PUNCT'), ('Pronoun Error', 'Hi', 'INTJ', 'I', 'PRON'), ('Other Error', ',', 'PUNCT', ""'m"", 'AUX'), ('Verb Error', 'I', 'PRON', 'trying', 'VERB'), ('Other Error', ""'m"", 'AUX', 'to', 'PART'), ('Pronoun Error', 'to', 'PART', 'my', 'PRON'), ('Verb Error', 'improve', 'VERB', 'english', 'ADJ'), ('Noun Error', 'my', 'PRON', 'conversation', 'NOUN'), ('Noun Error', 'english', 'ADJ', 'skills', 'NOUN'), ('Noun Error', 'conversation', 'NOUN', ',', 'PUNCT'), ('Noun Error', 'skills', 'NOUN', 'but', 'CCONJ'), ('Pronoun Error', ',', 'PUNCT', 'I', 'PRON'), ('Other Error', 'but', 'CCONJ', 'do', 'AUX'), ('Pronoun Error', 'I', 'PRON', ""n't"", 'PART'), ('Verb Error', 'do', 'AUX', 'like', 'VERB'), ('Preposition Error', 'to', 'PART', 'in', 'ADP'), ('Verb Error', 'study', 'VERB', 'the', 'DET'), ('Adjective Error', 'in', 'ADP', 'conventional', 'ADJ'), ('Noun Error', 'the', 'DET', 'way', 'NOUN'), ('Adjective Error', 'conventional', 'ADJ', ',', 'PUNCT'), ('Noun Error', 'way', 'NOUN', 'during', 'ADP'), ('Other Error', ',', 'PUNCT', 'the', 'DET'), ('Adjective Error', 'during', 'ADP', 'pandemic', 'ADJ'), ('Pronoun Error', 'the', 'DET', 'I', 'PRON'), ('Verb Error', 'pandemic', 'ADJ', 'realized', 'VERB'), ('Pronoun Error', 'I', 'PRON', 'that', 'SCONJ'), ('Verb Error', 'realized', 'VERB', 'the', 'DET'), ('Adjective Error', 'that', 'SCONJ', 'best', 'ADJ'), ('Noun Error', 'the', 'DET', 'way', 'NOUN'), ('Adjective Error', 'best', 'ADJ', 'was', 'AUX'), ('Noun Error', 'way', 'NOUN', 'through', 'ADP'), ('Noun Error', 'was', 'AUX', 'language', 'NOUN'), ('Noun Error', 'through', 'ADP', 'exchange', 'NOUN'), ('Noun Error', 'language', 'NOUN', 'or', 'CCONJ'), ('Noun Error', 'exchange', 'NOUN', 'by', 'ADP'), ('Verb Error', 'or', 'CCONJ', 'talking', 'VERB'), ('Verb Error', 'talking', 'VERB', 'someone', 'PRON'), ('Preposition Error', 'with', 'ADP', 'who', 'PRON'), ('Verb Error', 'someone', 'PRON', 'had', 'VERB'), ('Pronoun Error', 'who', 'PRON', 'the', 'DET'), ('Verb Error', 'had', 'VERB', 'same', 'ADJ'), ('Noun Error', 'the', 'DET', 'goal', 'NOUN'), ('Adjective Error', 'same', 'ADJ', ',', 'PUNCT'), ('Pronoun Error', 'I', 'PRON', 'or', 'CCONJ'), ('Other Error', 'would', 'AUX', 'any', 'DET'), ('Noun Error', 'to', 'PART', 'program', 'NOUN'), ('Verb Error', 'practice', 'VERB', '.', 'PUNCT'), ('Pronoun Error', 'English', 'PROPN', 'I', 'PRON'), ('Other Error', 'or', 'CCONJ', ""'m"", 'AUX'), ('Other Error', 'German', 'PROPN', 'not', 'PART'), ('Adjective Error', ',', 'PUNCT', 'interested', 'ADJ'), ('Preposition Error', 'if', 'SCONJ', 'in', 'ADP'), ('Verb Error', 'possible', 'ADJ', 'flirting', 'VERB'), ('Noun Error', 'face', 'NOUN', ',', 'PUNCT'), ('Pronoun Error', 'to', 'PART', 'what', 'PRON'), ('Noun Error', 'face', 'NOUN', 'I', 'PRON'), ('Preposition Error', 'in', 'ADP', 'really', 'ADV'), ('Verb Error', 'Seine', 'PROPN', 'want', 'VERB'), ('Noun Error', 'et', 'NOUN', 'is', 'AUX'), ('Other Error', ' ', 'SPACE', 'and', 'CCONJ'), ('Adjective Error', 'uni', 'ADJ', 'Uni', 'PROPN'), ('Pronoun Error', 'I', 'PRON', ',', 'PUNCT'), ('Verb Error', 'want', 'VERB', 'I', 'PRON'), ('Verb Error', 'to', 'PART', 'want', 'VERB'), ('Verb Error', 'practise', 'VERB', 'to', 'PART'), ('Verb Error', 'my', 'PRON', 'practise', 'VERB'), ('Adjective Error', 'English', 'ADJ', 'my', 'PRON'), ('Noun Error', 'skills', 'NOUN', 'English', 'ADJ'), ('Noun Error', 'and', 'CCONJ', 'skills', 'NOUN'), ('Pronoun Error', 'I', 'PRON', 'and', 'CCONJ'), ('Pronoun Error', 'can', 'AUX', 'I', 'PRON'), ('Verb Error', 'help', 'VERB', 'can', 'AUX'), ('Verb Error', 'with', 'ADP', 'help', 'VERB'), ('Preposition Error', 'your', 'PRON', 'with', 'ADP'), ('Pronoun Error', 'Spanish', 'PROPN', 'your', 'PRON'), ('Preposition Error', 'in', 'ADP', 'Spanish', 'PROPN'), ('Noun Error', 'return', 'NOUN', 'in', 'ADP'), ('Adjective Error', 'Spanish', 'ADJ', 'Spanish', 'PROPN')]","{'Verb Error': 45, 'Pronoun Error': 31, 'Adjective Error': 18, 'Noun Error': 35, 'Other Error': 22, 'Preposition Error': 14}"
Thai,"[('Verb Error', 'like', 'ADP', 'likes', 'VERB'), ('Noun Error', 'some', 'DET', 'sports', 'NOUN'), ('Noun Error', 'sports', 'NOUN', 'and', 'CCONJ'), ('Noun Error', 'and', 'CCONJ', 'eating', 'NOUN'), ('Noun Error', 'eating', 'NOUN', '.', 'PUNCT'), ('Pronoun Error', '.', 'PUNCT', 'I', 'PRON'), ('Verb Error', 'I', 'PRON', 'like', 'VERB'), ('Verb Error', 'like', 'VERB', 'to', 'PART'), ('Verb Error', 'to', 'PART', 'chill', 'VERB'), ('Verb Error', 'chill', 'VERB', 'out', 'ADP'), ('Verb Error', 'by', 'ADP', 'having', 'VERB'), ('Verb Error', 'having', 'VERB', 'coffee', 'NOUN'), ('Noun Error', 'coffee', 'NOUN', 'in', 'ADP'), ('Preposition Error', 'in', 'ADP', 'a', 'DET'), ('Adjective Error', 'a', 'DET', 'nice', 'ADJ'), ('Noun Error', 'nice', 'ADJ', 'place', 'NOUN'), ('Verb Error', 'place', 'NOUN', 'surrounded', 'VERB'), ('Verb Error', 'surrounded', 'VERB', 'with', 'ADP'), ('Noun Error', 'with', 'ADP', 'nature', 'NOUN'), ('Noun Error', 'nature', 'NOUN', ',', 'PUNCT'), ('Verb Error', 'fall', 'VERB', ""'m"", 'AUX'), ('Preposition Error', 'in', 'ADP', 'quite', 'ADV'), ('Noun Error', 'love', 'NOUN', 'outgoing', 'ADJ')]","{'Verb Error': 10, 'Noun Error': 9, 'Preposition Error': 2, 'Pronoun Error': 1, 'Adjective Error': 1}"
Turkish,"[('Verb Error', 'want', 'VERB', 'I', 'PRON'), ('Verb Error', 'to', 'PART', 'want', 'VERB'), ('Verb Error', 'have', 'VERB', 'to', 'PART'), ('Verb Error', 'a', 'DET', 'have', 'VERB'), ('Adjective Error', 'foreign', 'ADJ', 'a', 'DET'), ('Noun Error', 'friend', 'NOUN', 'foreign', 'ADJ'), ('Noun Error', 'and', 'CCONJ', 'friend', 'NOUN'), ('Verb Error', 'chat', 'VERB', 'and', 'CCONJ'), ('Verb Error', 'in', 'ADP', 'chat', 'VERB'), ('Preposition Error', 'English', 'PROPN', 'in', 'ADP'), ('Other Error', '.', 'PUNCT', 'English', 'PROPN'), ('Verb Error', 'aim', 'NOUN', 'want', 'VERB'), ('Other Error', 'is', 'AUX', 'to', 'PART'), ('Verb Error', 'to', 'PART', 'find', 'VERB'), ('Verb Error', 'find', 'VERB', 'friends', 'NOUN'), ('Noun Error', 'friend', 'NOUN', 'and', 'CCONJ'), ('Verb Error', 'and', 'CCONJ', 'chat', 'VERB'), ('Verb Error', 'chat', 'VERB', 'with', 'ADP'), ('Preposition Error', 'with', 'ADP', 'them', 'PRON'), ('Pronoun Error', 'her', 'PRON', 'always', 'ADV'), ('Other Error', 'always', 'ADV', '.', 'PUNCT'), ('Pronoun Error', '.', 'PUNCT', 'I', 'PRON'), ('Adjective Error', 'and', 'CCONJ', 'different', 'ADJ'), ('Noun Error', 'lear', 'ADJ', 'cultures', 'NOUN'), ('Verb Error', 'differend', 'VERB', 'and', 'CCONJ'), ('Other Error', 'and', 'CCONJ', '.', 'PUNCT'), ('Noun Error', 'people', 'NOUN', 'if', 'SCONJ'), ('Pronoun Error', '.', 'PUNCT', 'you', 'PRON'), ('Verb Error', 'if', 'SCONJ', 'accept', 'VERB'), ('Verb Error', 'accept', 'VERB', 'friendship', 'NOUN'), ('Pronoun Error', 'my', 'PRON', ',', 'PUNCT'), ('Noun Error', 'friendship', 'NOUN', 'please', 'INTJ'), ('Other Error', ',', 'PUNCT', 'do', 'AUX'), ('Other Error', 'please', 'INTJ', ""n't"", 'PART'), ('Verb Error', 'do', 'AUX', 'hesitate', 'VERB'), ('Other Error', 'nt', 'PART', 'and', 'CCONJ'), ('Pronoun Error', 'and', 'CCONJ', 'me', 'PRON'), ('Verb Error', 'send', 'VERB', 'messages', 'NOUN'), ('Pronoun Error', 'me', 'PRON', '.', 'PUNCT'), ('Noun Error', 'messages', 'NOUN', 'I', 'PRON'), ('Other Error', '.', 'PUNCT', 'will', 'AUX'), ('Pronoun Error', 'I', 'PRON', 'be', 'AUX'), ('Other Error', 'will', 'AUX', 'so', 'ADV'), ('Adjective Error', 'be', 'AUX', 'happy', 'ADJ'), ('Other Error', 'so', 'ADV', 'to', 'PART'), ('Verb Error', 'happy', 'ADJ', 'help', 'VERB'), ('Preposition Error', 'me', 'PRON', 'to', 'ADP'), ('Pronoun Error', '..', 'PUNCT', 'me', 'PRON'), ('Pronoun Error', 'you', 'PRON', 'whether', 'SCONJ'), ('Pronoun Error', ""'re"", 'AUX', 'you', 'PRON'), ('Other Error', 'a', 'DET', ""'re"", 'AUX'), ('Adjective Error', 'native', 'ADJ', 'a', 'DET'), ('Noun Error', 'speaker', 'NOUN', 'native', 'ADJ'), ('Noun Error', 'or', 'CCONJ', 'speaker', 'NOUN'), ('Other Error', 'not', 'PART', 'or', 'CCONJ'), ('Other Error', '.', 'PUNCT', 'not', 'PART'), ('Verb Error', 'Hearing', 'VERB', '.', 'PUNCT'), ('Verb Error', 'different', 'ADJ', 'Hearing', 'VERB'), ('Noun Error', 'accents', 'NOUN', 'different', 'ADJ'), ('Noun Error', 'would', 'AUX', 'accents', 'NOUN'), ('Noun Error', 'fertil', 'NOUN', 'be', 'AUX'), ('Other Error', '.', 'PUNCT', 'a', 'DET'), ('Noun Error', 'Of', 'ADV', 'pleasure', 'NOUN'), ('Other Error', 'course', 'ADV', ',', 'PUNCT'), ('Verb Error', 'helping', 'VERB', 'even', 'ADV'), ('Preposition Error', 'with', 'ADP', 'if', 'SCONJ'), ('Other Error', 'Turkish', 'PROPN', 'do', 'AUX'), ('Other Error', 'also', 'ADV', ""n't"", 'PART'), ('Verb Error', 'will', 'AUX', 'have', 'VERB'), ('Other Error', 'be', 'AUX', 'English', 'PROPN'), ('Preposition Error', 'a', 'DET', 'for', 'ADP'), ('Pronoun Error', ""'"", 'AUX', 'I', 'PRON'), ('Verb Error', 'm', 'VERB', ""'m"", 'AUX'), ('Verb Error', 'Phd', 'VERB', 'a', 'DET'), ('Noun Error', 'philosophy', 'NOUN', 'Phd', 'PROPN'), ('Noun Error', ',', 'PUNCT', 'student', 'NOUN'), ('Other Error', 'and', 'CCONJ', ',', 'PUNCT'), ('Pronoun Error', 'i', 'PRON', 'and', 'CCONJ'), ('Pronoun Error', ""'m"", 'AUX', 'I', 'PRON'), ('Adjective Error', 'Arabic', 'ADJ', ""'m"", 'AUX'), ('Adjective Error', 'and', 'CCONJ', 'Arabic', 'ADJ'), ('Adjective Error', 'Turkish', 'ADJ', 'and', 'CCONJ'), ('Noun Error', 'speaker', 'NOUN', 'native', 'ADJ'), ('Noun Error', ',', 'PUNCT', 'speaker', 'NOUN'), ('Pronoun Error', 'i', 'PRON', ',', 'PUNCT'), ('Pronoun Error', 'can', 'AUX', 'I', 'PRON'), ('Verb Error', 'help', 'VERB', 'can', 'AUX'), ('Verb Error', 'you', 'PRON', 'help', 'VERB'), ('Preposition Error', 'in', 'ADP', 'you', 'PRON'), ('Adjective Error', 'Arabic', 'ADJ', 'in', 'ADP'), ('Adjective Error', 'and', 'CCONJ', 'Arabic', 'ADJ'), ('Adjective Error', 'Turkish', 'ADJ', 'and', 'CCONJ'), ('Adjective Error', ',', 'PUNCT', 'Turkish', 'ADJ'), ('Verb Error', 'help', 'VERB', ',', 'PUNCT'), ('Verb Error', 'me', 'PRON', 'help', 'VERB'), ('Preposition Error', 'in', 'ADP', 'me', 'PRON'), ('Adjective Error', 'English', 'ADJ', 'in', 'ADP'), ('Noun Error', 'pleas', 'NOUN', 'English', 'PROPN'), ('Pronoun Error', 'i', 'PRON', ',', 'PUNCT'), ('Verb Error', 'need', 'VERB', 'and', 'CCONJ'), ('Pronoun Error', 'much', 'ADV', 'it', 'PRON'), ('Verb Error', '.', 'PUNCT', 'sooo', 'VERB')]","{'Verb Error': 29, 'Noun Error': 18, 'Adjective Error': 12, 'Preposition Error': 7, 'Other Error': 19, 'Pronoun Error': 17}"
Ukrainian,"[('Other Error', 'to', 'PART', 'English', 'PROPN'), ('Verb Error', 'learn', 'VERB', 'and', 'CCONJ'), ('Pronoun Error', 'something', 'PRON', 'Spanish', 'PROPN'), ('Adjective Error', 'new', 'ADJ', 'by', 'ADP'), ('Pronoun Error', 'and', 'CCONJ', 'myself', 'PRON'), ('Verb Error', 'meet', 'VERB', '.', 'PUNCT'), ('Adjective Error', 'interesting', 'ADJ', 'I', 'PRON'), ('Verb Error', 'people', 'NOUN', 'want', 'VERB'), ('Other Error', '.', 'PUNCT', 'to', 'PART'), ('Verb Error', 'I', 'PRON', 'improve', 'VERB'), ('Verb Error', 'study', 'VERB', 'my', 'PRON'), ('Verb Error', 'Spanish', 'PROPN', 'meet', 'VERB'), ('Preposition Error', 'by', 'ADP', 'a', 'DET'), ('Noun Error', 'myself', 'PRON', 'friend', 'NOUN'), ('Pronoun Error', '.', 'PUNCT', 'who', 'PRON'), ('Verb Error', 'I', 'PRON', 'wants', 'VERB'), ('Verb Error', 'want', 'VERB', 'to', 'PART'), ('Verb Error', 'to', 'PART', 'speak', 'VERB'), ('Verb Error', 'improve', 'VERB', 'Russian', 'ADJ'), ('Pronoun Error', 'my', 'PRON', 'or', 'CCONJ'), ('Other Error', 'and', 'CCONJ', '.', 'PUNCT')]","{'Verb Error': 10, 'Pronoun Error': 4, 'Other Error': 3, 'Adjective Error': 2, 'Preposition Error': 1, 'Noun Error': 1}"
Vietnamese,"[('Verb Error', 'Learning', 'VERB', 'I', 'PRON'), ('Noun Error', 'language', 'NOUN', 'am', 'AUX'), ('Other Error', 'is', 'AUX', 'a', 'DET'), ('Noun Error', 'a', 'DET', 'beginner', 'NOUN'), ('Noun Error', 'journey', 'NOUN', 'in', 'ADP'), ('Other Error', 'not', 'PART', 'German', 'PROPN'), ('Other Error', 'a', 'DET', 'and', 'CCONJ'), ('Noun Error', 'trip', 'NOUN', 'I', 'PRON'), ('Verb Error', '.', 'PUNCT', 'hope', 'VERB'), ('Pronoun Error', 'It', 'PRON', 'to', 'PART'), ('Verb Error', ""'s"", 'AUX', 'sing', 'VERB'), ('Other Error', 'so', 'ADV', 'Was', 'AUX'), ('Adjective Error', 'difficult', 'ADJ', 'du', 'ADP'), ('Noun Error', 'and', 'CCONJ', 'liebe', 'NOUN'), ('Adjective Error', 'interesting', 'ADJ', 'nennst', 'PROPN'), ('Preposition Error', '.', 'PUNCT', 'of', 'ADP'), ('Pronoun Error', 'I', 'PRON', 'Bausa', 'PROPN'), ('Preposition Error', 'am', 'AUX', 'in', 'ADP'), ('Adjective Error', 'full', 'ADJ', '2', 'NUM'), ('Noun Error', 'of', 'ADP', 'years', 'NOUN'), ('Noun Error', 'joy', 'NOUN', '.', 'PUNCT'), ('Preposition Error', 'with', 'ADP', 'May', 'AUX'), ('Verb Error', '.', 'PUNCT', 'help', 'VERB'), ('Other Error', 'have', 'AUX', '?', 'PUNCT'), ('Pronoun Error', 'been', 'AUX', 'I', 'PRON'), ('Verb Error', 'learning', 'VERB', 'am', 'AUX'), ('Adjective Error', 'English', 'PROPN', 'willing', 'ADJ'), ('Other Error', 'and', 'CCONJ', 'to', 'PART'), ('Verb Error', 'German', 'PROPN', 'teach', 'VERB'), ('Pronoun Error', 'as', 'ADV', 'you', 'PRON'), ('Other Error', 'well', 'ADV', 'Vietnamese', 'PROPN'), ('Preposition Error', '.', 'PUNCT', 'with', 'ADP'), ('Verb Error', 'speak', 'VERB', 'lovely', 'ADJ'), ('Adjective Error', 'English', 'PROPN', 'Southern', 'ADJ'), ('Noun Error', 'on', 'ADP', 'accent', 'NOUN'), ('Adjective Error', 'intermediate', 'ADJ', '.', 'PUNCT')]","{'Noun Error': 8, 'Verb Error': 7, 'Other Error': 7, 'Adjective Error': 6, 'Pronoun Error': 4, 'Preposition Error': 4}"
